account_id,customer_id,branch_id,account_type,balance,opening_date,status
1,952,9,Salary,157154.65,2019-09-30,Inactive
2,714,15,Savings,387244.73,2023-03-25,Active
3,168,14,Current,426936.97,2025-01-07,Inactive
4,699,14,Salary,195060.05,2022-02-08,Inactive
5,143,5,Salary,387488.21,2024-12-06,Inactive
6,826,8,Savings,403502.83,2019-03-12,Active
7,134,7,Current,366646.13,2023-07-25,Active
8,912,7,Salary,218154.08,2023-06-10,Active
9,452,12,Salary,217377.5,2021-01-14,Inactive
10,609,16,Salary,25184.66,2020-06-07,Inactive
11,644,7,Current,163360.06,2022-07-03,Active
12,980,11,Current,492609.68,2022-02-25,Active
13,612,9,Current,297012.3,2020-10-03,Active
14,195,18,Savings,454291.34,2020-03-15,Inactive
15,106,18,Savings,227069.48,2022-06-06,Inactive
16,770,14,Salary,354036.47,2022-03-22,Active
17,8,2,Current,107266.62,2022-07-28,Inactive
18,749,16,Salary,14040.02,2021-10-08,Active
19,93,11,Savings,212379.04,2019-03-20,Inactive
20,73,1,Savings,335808.74,2021-05-20,Inactive
21,464,9,Current,242432.48,2022-07-28,Active
22,413,9,Salary,66858.4,2020-07-03,Inactive
23,559,1,Savings,442854.35,2020-02-10,Inactive
24,149,18,Savings,30938.11,2021-09-17,Active
25,529,16,Current,213077.82,2021-06-05,Inactive
26,782,7,Savings,397540.51,2021-12-20,Active
27,418,18,Salary,198988.17,2019-10-29,Active
28,692,16,Salary,435355.94,2022-02-02,Inactive
29,287,11,Savings,2892.69,2021-03-13,Inactive
30,934,18,Savings,348455.18,2024-10-28,Active
31,255,18,Savings,257233.35,2020-11-02,Active
32,777,6,Current,498709.23,2023-09-25,Active
33,428,19,Salary,130408.03,2021-07-04,Inactive
34,321,7,Current,93294.93,2020-10-31,Active
35,14,2,Current,76847.49,2022-10-08,Active
36,870,13,Salary,478072.39,2021-09-23,Active
37,834,19,Current,11127.68,2023-08-01,Inactive
38,335,6,Salary,471511.08,2025-07-03,Active
39,958,1,Savings,224418.54,2025-05-06,Active
40,418,3,Current,175899.81,2019-01-29,Active
41,441,6,Salary,163953.59,2023-05-14,Active
42,838,9,Current,252252.51,2023-05-25,Inactive
43,741,1,Savings,153640.88,2020-09-18,Active
44,138,20,Savings,270375.54,2020-09-09,Inactive
45,563,6,Savings,32965.15,2023-01-09,Active
46,918,17,Salary,483666.37,2022-09-21,Inactive
47,808,11,Savings,270928.36,2022-07-10,Inactive
48,693,20,Current,84613.69,2020-08-14,Active
49,562,14,Savings,37145.32,2021-02-01,Active
50,122,18,Savings,258320.28,2020-07-13,Inactive
51,665,2,Current,476518.58,2020-12-14,Inactive
52,139,15,Salary,466466.42,2019-09-30,Active
53,737,20,Salary,410922.73,2020-02-28,Active
54,433,19,Current,301065.67,2025-02-22,Inactive
55,169,6,Current,72622.38,2021-02-02,Inactive
56,847,13,Current,152799.12,2024-01-30,Inactive
57,618,13,Savings,15936.73,2024-01-13,Active
58,186,8,Savings,487074.94,2019-01-27,Active
59,32,19,Salary,2206.69,2024-02-07,Inactive
60,631,18,Salary,219104.85,2020-04-26,Inactive
61,698,12,Salary,382606.15,2023-02-15,Active
62,270,13,Current,1657.39,2023-06-09,Active
63,116,6,Current,410953.01,2024-12-25,Inactive
64,580,16,Current,336217.48,2025-07-05,Active
65,635,5,Savings,202812.17,2022-08-26,Inactive
66,242,13,Current,29988.32,2022-04-05,Inactive
67,480,17,Savings,478155.95,2022-12-24,Active
68,498,3,Current,74306.28,2024-06-26,Inactive
69,59,10,Current,364829.73,2024-01-30,Active
70,455,20,Salary,188554.26,2019-10-17,Active
71,481,11,Savings,163093.9,2023-06-30,Inactive
72,517,20,Salary,356922.78,2020-12-12,Inactive
73,554,19,Savings,342653.58,2020-10-27,Inactive
74,148,17,Savings,162369.51,2023-03-20,Active
75,742,14,Current,187044.9,2020-06-24,Inactive
76,423,2,Salary,436533.27,2022-09-30,Active
77,230,6,Salary,185488.82,2024-06-22,Active
78,143,8,Salary,256906.04,2024-04-28,Inactive
79,886,16,Savings,86753.36,2019-02-05,Active
80,331,11,Current,425923.08,2024-08-09,Inactive
81,424,14,Savings,109291.19,2021-07-14,Active
82,257,18,Salary,322148.65,2024-12-13,Inactive
83,454,20,Savings,496604.99,2023-11-01,Inactive
84,871,20,Savings,30998.28,2024-06-14,Active
85,387,19,Current,104381.79,2023-04-20,Active
86,458,13,Salary,102484.42,2020-12-28,Active
87,887,1,Salary,383704.41,2020-09-10,Inactive
88,517,1,Salary,14182.45,2020-10-18,Active
89,791,20,Savings,221562.67,2021-09-27,Inactive
90,529,7,Salary,476641.8,2019-02-20,Inactive
91,730,13,Salary,38033.74,2020-10-18,Inactive
92,226,11,Current,113400.87,2021-04-26,Inactive
93,115,6,Current,289476.7,2019-11-22,Active
94,203,20,Salary,208935.37,2022-09-27,Active
95,496,18,Current,179274.64,2022-09-10,Active
96,585,2,Current,233053.65,2019-02-13,Inactive
97,421,4,Savings,396752.13,2024-09-15,Active
98,881,14,Current,358924.67,2021-11-11,Active
99,318,16,Savings,239660.5,2019-03-07,Inactive
100,996,20,Salary,478747.85,2023-09-25,Active
101,534,18,Salary,487080.08,2024-10-24,Active
102,650,6,Savings,59525.26,2019-01-29,Inactive
103,750,5,Salary,132189.64,2020-01-26,Inactive
104,658,15,Current,346168.74,2021-10-29,Active
105,807,3,Current,477696.16,2021-01-30,Inactive
106,237,13,Salary,85329.76,2020-07-22,Inactive
107,807,5,Salary,301147.71,2023-01-21,Inactive
108,677,7,Savings,335011.91,2023-10-19,Inactive
109,875,6,Current,16647.05,2022-04-27,Inactive
110,94,12,Salary,364201.54,2021-08-25,Inactive
111,744,2,Savings,277263.99,2025-03-13,Inactive
112,942,19,Salary,259537.67,2025-01-13,Active
113,871,10,Savings,247313.62,2022-09-01,Inactive
114,420,10,Current,450423.66,2020-01-06,Active
115,257,13,Savings,121572.21,2020-11-24,Active
116,566,17,Current,19223.45,2022-06-02,Active
117,663,18,Current,147075.17,2020-08-19,Inactive
118,694,2,Current,197200.28,2020-11-28,Active
119,861,1,Current,484124.59,2021-11-02,Active
120,99,7,Savings,321166.54,2021-12-26,Inactive
121,205,7,Current,198135.81,2024-05-05,Active
122,415,1,Savings,85078.9,2021-03-19,Active
123,664,20,Salary,338935.0,2019-07-18,Inactive
124,743,18,Savings,368323.08,2019-04-22,Active
125,176,11,Current,254180.1,2024-11-04,Inactive
126,40,18,Salary,271174.62,2021-10-19,Active
127,513,6,Savings,32658.02,2025-06-19,Inactive
128,736,18,Current,3735.14,2023-10-25,Inactive
129,479,10,Salary,460388.99,2019-01-01,Inactive
130,872,11,Savings,297323.05,2025-03-27,Inactive
131,543,15,Salary,99640.54,2024-03-20,Inactive
132,479,4,Salary,224181.21,2020-07-12,Inactive
133,54,19,Current,202445.05,2021-11-01,Active
134,263,7,Savings,104174.52,2023-08-13,Active
135,389,7,Current,69787.78,2022-04-19,Inactive
136,717,15,Salary,195081.84,2019-02-21,Active
137,125,13,Savings,353912.3,2023-09-19,Inactive
138,901,11,Salary,370040.68,2025-04-18,Inactive
139,382,9,Salary,230636.18,2020-11-29,Active
140,525,19,Savings,370825.37,2023-01-13,Active
141,339,4,Salary,123910.27,2021-02-03,Inactive
142,561,10,Current,342331.62,2021-05-11,Active
143,314,11,Salary,481344.14,2021-05-07,Active
144,561,18,Current,477724.49,2023-08-18,Active
145,895,15,Salary,404040.25,2020-01-28,Active
146,42,2,Current,494364.38,2022-04-20,Active
147,224,3,Salary,249342.49,2025-01-21,Active
148,555,17,Current,212052.0,2023-09-18,Inactive
149,630,12,Salary,327226.8,2019-04-29,Inactive
150,53,16,Current,344445.85,2020-04-30,Active
151,527,1,Salary,57410.56,2023-04-09,Inactive
152,799,8,Savings,70542.67,2021-01-21,Inactive
153,433,6,Current,378275.25,2020-12-23,Inactive
154,294,13,Savings,405618.93,2022-02-23,Active
155,307,11,Salary,43468.47,2019-01-07,Inactive
156,622,13,Salary,187195.47,2024-10-21,Active
157,813,10,Salary,161818.04,2024-03-21,Inactive
158,443,6,Salary,486404.85,2021-10-30,Inactive
159,289,13,Salary,417399.96,2020-02-20,Inactive
160,132,5,Current,197798.59,2024-05-12,Active
161,187,17,Current,311678.51,2024-11-20,Inactive
162,617,13,Current,368707.28,2025-07-03,Active
163,966,2,Savings,122317.47,2019-01-09,Active
164,337,2,Savings,169509.41,2020-02-23,Inactive
165,280,11,Salary,55901.69,2021-03-27,Inactive
166,932,3,Current,84411.22,2025-06-29,Inactive
167,533,4,Savings,94223.28,2019-07-14,Inactive
168,501,17,Savings,105540.27,2024-05-19,Inactive
169,20,10,Savings,287068.82,2020-11-01,Active
170,216,9,Salary,194063.25,2022-07-31,Inactive
171,734,9,Salary,208421.8,2020-03-09,Active
172,336,4,Current,339227.83,2023-02-23,Inactive
173,588,2,Salary,280938.5,2021-07-14,Active
174,193,19,Salary,27935.78,2025-06-02,Inactive
175,543,12,Salary,7043.46,2024-03-07,Inactive
176,213,9,Salary,315094.46,2021-04-15,Active
177,556,9,Salary,347533.15,2024-11-06,Inactive
178,787,8,Current,280414.48,2021-02-19,Active
179,232,8,Current,132623.79,2020-02-12,Active
180,885,9,Current,352523.52,2020-06-02,Active
181,360,10,Savings,80418.37,2021-12-13,Inactive
182,327,3,Salary,218369.29,2023-09-02,Inactive
183,960,1,Current,270561.76,2023-04-24,Active
184,733,9,Savings,53505.41,2022-04-15,Active
185,883,8,Current,130068.22,2023-10-26,Active
186,443,19,Salary,260700.15,2019-04-16,Inactive
187,362,5,Salary,409335.79,2022-05-26,Active
188,731,7,Current,55537.83,2023-01-08,Active
189,577,9,Current,277912.31,2021-12-25,Active
190,657,14,Savings,189557.04,2023-10-03,Active
191,221,19,Salary,230685.77,2019-03-18,Active
192,821,20,Savings,222069.76,2023-09-17,Inactive
193,132,5,Salary,416358.31,2020-05-23,Inactive
194,673,3,Savings,250328.2,2021-10-08,Inactive
195,891,19,Salary,53473.86,2019-12-23,Inactive
196,829,15,Savings,392382.9,2023-05-17,Inactive
197,832,9,Salary,343210.09,2022-04-04,Active
198,917,12,Salary,401598.64,2019-09-20,Inactive
199,716,17,Salary,278179.02,2019-01-17,Inactive
200,204,9,Savings,17929.33,2022-03-03,Active
201,180,18,Current,335049.92,2023-08-02,Inactive
202,257,5,Current,396038.1,2025-05-16,Active
203,424,4,Current,156133.76,2019-04-06,Inactive
204,994,15,Current,323925.53,2021-10-17,Inactive
205,608,20,Salary,369699.08,2023-04-09,Inactive
206,422,9,Current,289874.95,2021-09-30,Active
207,897,16,Salary,450534.03,2024-09-26,Inactive
208,67,2,Current,26179.08,2023-09-01,Inactive
209,313,20,Salary,175002.27,2019-03-07,Active
210,787,5,Current,271602.01,2022-02-10,Inactive
211,990,11,Current,147861.86,2021-11-26,Inactive
212,165,9,Current,436809.91,2023-01-11,Active
213,158,3,Savings,103487.4,2019-01-08,Inactive
214,645,7,Salary,355963.2,2023-06-30,Active
215,498,4,Current,187646.37,2021-09-22,Inactive
216,321,2,Savings,178943.68,2025-05-31,Inactive
217,874,1,Current,321019.87,2022-12-11,Inactive
218,287,8,Salary,266832.15,2019-11-05,Active
219,872,20,Savings,265515.46,2022-11-09,Active
220,177,6,Savings,410877.59,2025-06-10,Inactive
221,863,16,Current,384825.85,2021-08-26,Inactive
222,429,19,Current,124944.04,2023-04-04,Inactive
223,541,4,Salary,160161.02,2023-12-08,Inactive
224,232,20,Current,261287.46,2020-08-27,Inactive
225,15,14,Current,193189.15,2021-02-27,Active
226,538,8,Salary,147178.95,2024-01-22,Inactive
227,635,12,Salary,192465.37,2022-10-27,Active
228,959,19,Salary,374061.18,2021-04-01,Active
229,899,14,Savings,14053.63,2019-01-21,Inactive
230,217,19,Current,88827.22,2025-04-10,Active
231,48,12,Current,139821.82,2020-07-05,Inactive
232,126,15,Salary,112633.06,2021-06-19,Inactive
233,92,10,Savings,219769.92,2022-05-19,Active
234,959,3,Savings,44175.14,2020-07-03,Active
235,611,1,Savings,351810.24,2021-07-12,Inactive
236,646,12,Salary,90579.08,2021-03-25,Inactive
237,322,14,Savings,443458.81,2022-04-19,Active
238,789,2,Salary,472269.02,2019-12-09,Inactive
239,755,10,Salary,482860.0,2024-07-21,Inactive
240,751,1,Salary,202373.99,2022-07-01,Active
241,715,4,Savings,418616.87,2021-05-15,Active
242,637,20,Salary,287230.32,2021-08-25,Active
243,521,5,Current,127633.18,2020-05-06,Active
244,366,3,Savings,383385.75,2021-06-04,Inactive
245,576,13,Salary,330200.0,2019-06-11,Active
246,224,14,Savings,125276.99,2020-11-10,Inactive
247,262,9,Salary,176668.03,2025-03-08,Inactive
248,465,16,Salary,440646.88,2023-05-28,Active
249,559,7,Savings,265957.56,2020-04-25,Inactive
250,914,14,Salary,326729.63,2024-07-09,Inactive
251,37,1,Current,258719.91,2025-06-20,Active
252,788,1,Salary,205566.53,2019-03-29,Active
253,262,9,Salary,228736.51,2025-05-21,Inactive
254,225,18,Salary,247056.11,2023-09-08,Inactive
255,980,12,Savings,247331.81,2025-06-20,Active
256,670,16,Current,61582.59,2020-08-22,Active
257,640,15,Current,310299.15,2020-04-25,Inactive
258,626,19,Salary,306281.84,2024-04-14,Active
259,337,10,Salary,113604.11,2019-03-26,Active
260,898,14,Current,95528.77,2023-06-11,Active
261,174,2,Savings,93690.61,2024-05-08,Inactive
262,817,13,Salary,149957.4,2024-12-03,Active
263,913,11,Salary,164379.54,2025-04-19,Active
264,784,5,Current,396232.12,2021-03-28,Active
265,49,20,Current,119448.31,2022-11-06,Inactive
266,387,10,Savings,167479.5,2023-09-17,Active
267,800,7,Current,31129.96,2024-05-14,Active
268,810,13,Savings,94579.98,2021-01-06,Active
269,183,8,Salary,9199.92,2019-05-10,Inactive
270,592,15,Current,252441.97,2020-09-22,Inactive
271,495,14,Current,432345.13,2020-10-03,Active
272,815,13,Salary,237800.58,2022-05-27,Inactive
273,977,12,Savings,432965.96,2019-10-24,Active
274,469,5,Savings,312062.43,2019-07-08,Inactive
275,799,11,Salary,411158.03,2024-10-18,Active
276,164,5,Salary,116303.13,2019-08-12,Inactive
277,183,7,Salary,276325.02,2019-08-08,Inactive
278,195,1,Salary,182290.6,2019-05-28,Inactive
279,878,3,Current,478986.92,2021-06-17,Active
280,351,6,Salary,209335.86,2024-05-08,Active
281,9,19,Salary,286933.18,2022-01-27,Inactive
282,52,3,Salary,397715.1,2025-03-23,Inactive
283,216,2,Current,175348.06,2021-06-14,Inactive
284,88,7,Savings,466246.77,2024-05-18,Active
285,499,5,Current,390146.02,2019-02-17,Inactive
286,91,9,Salary,352670.74,2023-08-19,Active
287,608,4,Salary,26830.85,2020-12-06,Active
288,202,20,Current,143684.28,2023-10-22,Active
289,930,17,Savings,165307.88,2022-03-27,Active
290,536,9,Savings,488682.06,2020-01-18,Active
291,958,4,Savings,310538.15,2020-06-17,Active
292,894,1,Savings,111488.51,2020-10-26,Inactive
293,474,8,Savings,70182.83,2022-07-07,Inactive
294,811,3,Salary,248469.21,2024-05-14,Active
295,945,13,Current,64914.55,2022-03-14,Active
296,901,17,Salary,289759.65,2020-07-01,Active
297,134,13,Salary,456733.28,2023-11-24,Active
298,748,9,Current,26014.58,2020-04-03,Active
299,170,3,Current,200599.95,2023-10-10,Inactive
300,598,13,Savings,293901.82,2024-09-12,Inactive
301,798,9,Salary,214796.51,2024-02-24,Active
302,194,4,Savings,474970.32,2025-05-09,Active
303,941,16,Current,92728.6,2024-11-21,Inactive
304,182,5,Salary,147845.91,2021-09-09,Inactive
305,321,4,Salary,323620.74,2019-02-15,Active
306,119,8,Salary,260766.75,2024-07-12,Inactive
307,811,5,Current,400857.89,2024-01-15,Active
308,586,7,Current,385323.34,2021-03-13,Inactive
309,818,14,Savings,179320.43,2023-05-31,Active
310,40,5,Savings,5464.39,2022-02-02,Inactive
311,445,16,Current,1898.03,2024-12-18,Active
312,6,3,Savings,321698.86,2019-01-25,Active
313,430,18,Salary,420813.26,2019-03-26,Active
314,197,12,Savings,272185.91,2019-09-25,Active
315,984,11,Salary,204026.3,2019-06-28,Inactive
316,955,18,Current,31774.54,2021-02-18,Inactive
317,85,10,Current,178503.01,2020-05-22,Inactive
318,765,13,Savings,33568.68,2024-09-14,Active
319,201,8,Current,275393.99,2022-10-16,Inactive
320,511,8,Savings,422255.73,2023-10-22,Inactive
321,348,3,Savings,25740.63,2021-04-18,Active
322,402,13,Salary,163843.96,2023-04-11,Active
323,667,15,Savings,365023.74,2021-07-14,Active
324,971,7,Savings,243376.98,2020-11-25,Active
325,624,20,Current,481012.68,2024-08-14,Inactive
326,472,6,Current,424041.41,2021-08-21,Active
327,671,15,Savings,261828.86,2023-02-01,Active
328,734,14,Savings,317063.56,2021-12-27,Inactive
329,767,7,Salary,27953.06,2020-12-19,Inactive
330,47,2,Current,464331.44,2024-04-24,Active
331,45,7,Salary,294402.15,2021-02-04,Active
332,104,12,Salary,479086.44,2022-01-20,Active
333,466,8,Savings,345875.09,2024-11-17,Inactive
334,428,2,Current,256360.21,2020-12-27,Active
335,98,3,Savings,3318.42,2020-11-07,Inactive
336,175,4,Salary,378013.45,2024-01-21,Active
337,748,7,Savings,127703.16,2019-05-19,Active
338,784,9,Current,138061.56,2021-02-28,Inactive
339,850,6,Current,432215.64,2024-09-28,Active
340,230,12,Current,460219.13,2020-05-12,Inactive
341,61,16,Salary,404639.76,2024-04-08,Inactive
342,369,1,Savings,121665.2,2022-05-12,Active
343,803,18,Salary,82471.71,2024-10-21,Inactive
344,335,18,Savings,343615.83,2021-01-27,Inactive
345,17,15,Salary,313883.55,2022-04-10,Inactive
346,56,19,Savings,301602.24,2022-09-14,Active
347,964,13,Savings,205013.61,2019-09-24,Active
348,421,8,Salary,134580.31,2019-01-29,Active
349,606,9,Salary,233567.32,2023-10-29,Inactive
350,160,19,Salary,88550.61,2023-11-11,Inactive
351,523,18,Salary,200132.0,2023-02-19,Inactive
352,849,8,Salary,382094.45,2022-12-11,Inactive
353,956,4,Current,170442.83,2024-01-21,Inactive
354,297,12,Savings,426247.4,2023-09-21,Active
355,789,19,Savings,459112.7,2019-03-23,Inactive
356,343,14,Current,218103.33,2019-04-02,Inactive
357,913,2,Current,41825.2,2025-01-19,Inactive
358,998,8,Savings,186360.65,2024-06-29,Inactive
359,363,6,Salary,42945.13,2021-08-29,Active
360,295,15,Savings,402907.27,2022-05-04,Inactive
361,181,18,Current,290250.68,2023-07-23,Inactive
362,896,7,Current,353263.01,2022-11-14,Active
363,944,9,Current,142291.18,2020-06-18,Inactive
364,206,12,Savings,156397.38,2021-02-28,Inactive
365,76,9,Current,114676.34,2023-11-12,Active
366,630,18,Salary,389212.51,2024-08-02,Inactive
367,715,10,Current,431372.87,2024-02-09,Inactive
368,122,16,Current,463500.0,2020-06-06,Inactive
369,440,2,Salary,50496.33,2019-07-21,Active
370,386,17,Savings,223198.93,2022-06-06,Active
371,370,3,Salary,213173.76,2022-10-10,Inactive
372,945,14,Salary,441962.05,2023-11-14,Inactive
373,877,3,Salary,172188.72,2021-02-01,Active
374,992,5,Salary,17896.24,2022-09-20,Inactive
375,825,2,Savings,30047.41,2020-09-09,Inactive
376,499,8,Savings,10799.07,2023-05-16,Inactive
377,595,6,Savings,144600.44,2022-08-20,Active
378,429,17,Salary,73188.17,2021-11-04,Active
379,917,15,Current,314172.96,2021-09-12,Inactive
380,165,20,Current,268202.08,2021-06-24,Inactive
381,703,1,Savings,101748.0,2021-06-07,Active
382,559,13,Savings,147754.98,2023-04-14,Active
383,393,2,Savings,73440.46,2022-06-15,Inactive
384,689,10,Salary,434405.59,2024-10-08,Active
385,658,20,Savings,215309.23,2025-04-18,Active
386,16,2,Savings,103855.96,2024-07-13,Active
387,364,11,Salary,383727.39,2019-10-28,Inactive
388,245,13,Current,193432.88,2024-05-28,Inactive
389,955,4,Savings,368721.7,2024-08-04,Active
390,431,3,Salary,116961.55,2020-01-24,Active
391,829,13,Savings,145527.68,2020-11-25,Active
392,294,6,Current,69141.97,2021-12-22,Active
393,208,14,Salary,475235.96,2022-03-20,Inactive
394,400,7,Current,250474.57,2019-09-06,Active
395,887,10,Current,233289.15,2020-01-09,Active
396,532,1,Current,399004.99,2019-10-28,Active
397,82,17,Current,114127.55,2025-05-09,Active
398,817,18,Savings,422454.22,2019-07-28,Active
399,108,7,Current,251141.42,2025-05-24,Inactive
400,335,3,Salary,118095.16,2023-01-09,Active
401,982,16,Current,419054.21,2023-08-12,Inactive
402,301,18,Salary,409497.72,2019-01-04,Inactive
403,420,15,Savings,132220.05,2023-08-11,Active
404,24,9,Savings,423983.03,2024-09-27,Active
405,704,2,Salary,401997.68,2021-09-30,Inactive
406,968,4,Current,202759.27,2021-09-05,Inactive
407,701,4,Current,131486.82,2020-04-27,Active
408,267,19,Salary,6849.01,2021-06-04,Inactive
409,318,18,Savings,188007.52,2021-10-18,Inactive
410,884,5,Salary,123226.7,2023-01-13,Inactive
411,435,4,Current,263035.8,2019-08-14,Active
412,957,15,Savings,253652.64,2022-12-15,Active
413,395,20,Salary,113780.21,2020-08-10,Active
414,20,5,Salary,124403.55,2021-01-22,Active
415,823,8,Savings,28884.92,2020-05-11,Inactive
416,228,18,Salary,490187.4,2022-05-25,Active
417,787,5,Current,277856.13,2020-01-12,Active
418,629,14,Salary,73890.69,2025-03-29,Active
419,968,13,Salary,432764.87,2022-08-07,Inactive
420,366,5,Current,450628.84,2024-10-20,Inactive
421,508,18,Savings,139646.82,2019-10-25,Inactive
422,68,7,Salary,387357.77,2021-05-22,Inactive
423,249,12,Salary,87215.69,2023-08-04,Inactive
424,173,18,Savings,8690.57,2019-01-05,Active
425,923,12,Savings,281618.63,2023-06-20,Inactive
426,269,17,Current,288877.53,2022-03-15,Active
427,650,19,Current,465264.91,2021-09-01,Inactive
428,433,17,Current,366218.59,2021-10-09,Active
429,312,5,Current,99077.9,2020-04-17,Inactive
430,435,12,Savings,322330.21,2022-04-28,Inactive
431,297,15,Current,257916.6,2023-09-18,Active
432,531,12,Savings,307007.04,2020-12-31,Active
433,534,1,Salary,365336.38,2025-07-23,Active
434,666,16,Current,369103.84,2024-12-19,Inactive
435,876,18,Savings,89800.39,2019-12-13,Inactive
436,476,5,Savings,217244.46,2025-07-25,Active
437,934,15,Current,357751.22,2023-12-01,Inactive
438,805,18,Salary,404391.5,2023-10-20,Inactive
439,326,3,Savings,67351.72,2022-04-02,Inactive
440,799,1,Savings,144112.35,2019-08-28,Inactive
441,565,20,Salary,88741.66,2024-07-25,Inactive
442,869,9,Current,133988.46,2024-04-22,Inactive
443,407,17,Salary,113256.16,2023-10-14,Inactive
444,738,4,Savings,28497.28,2020-02-13,Inactive
445,697,7,Savings,292936.0,2022-01-05,Inactive
446,400,9,Savings,8307.65,2019-10-05,Active
447,358,10,Savings,360088.31,2024-02-03,Inactive
448,407,19,Current,278562.65,2022-02-03,Inactive
449,410,5,Savings,63764.27,2025-04-14,Active
450,421,7,Current,231404.69,2019-05-23,Active
451,16,20,Current,141468.92,2024-05-14,Inactive
452,993,15,Savings,191382.77,2024-02-29,Active
453,802,2,Current,225501.59,2019-10-29,Inactive
454,826,4,Salary,2880.91,2021-07-08,Active
455,632,19,Salary,342090.28,2019-06-25,Inactive
456,882,20,Current,498047.31,2023-04-19,Active
457,322,8,Current,356478.73,2021-06-26,Active
458,14,1,Current,339276.18,2023-04-22,Inactive
459,496,19,Current,399461.36,2024-10-02,Inactive
460,974,13,Salary,146833.57,2024-12-13,Inactive
461,553,3,Salary,212210.26,2019-01-25,Active
462,269,15,Current,140979.21,2020-04-15,Active
463,630,16,Savings,487446.68,2020-12-30,Active
464,26,10,Salary,392598.24,2019-02-14,Inactive
465,780,17,Current,459650.61,2020-03-31,Active
466,734,10,Savings,15003.32,2023-01-29,Active
467,68,1,Current,330824.42,2019-01-26,Active
468,743,13,Salary,295529.4,2022-10-31,Inactive
469,509,12,Savings,125212.83,2025-01-17,Active
470,538,18,Salary,214437.5,2019-10-13,Active
471,245,8,Salary,206345.53,2023-03-31,Active
472,524,12,Salary,105383.71,2020-12-24,Inactive
473,62,5,Savings,446972.44,2019-08-10,Active
474,706,16,Current,330801.63,2021-05-07,Inactive
475,296,3,Salary,72433.11,2023-03-19,Active
476,703,2,Salary,341611.23,2019-12-27,Active
477,683,18,Savings,274511.32,2020-06-19,Active
478,307,1,Current,143894.99,2019-11-17,Active
479,432,11,Savings,224487.2,2020-11-20,Inactive
480,509,4,Salary,138963.27,2024-04-06,Active
481,471,14,Savings,358758.3,2024-11-17,Active
482,446,13,Savings,169475.41,2022-11-28,Inactive
483,86,19,Salary,212373.06,2022-10-13,Inactive
484,141,16,Salary,289006.85,2025-07-05,Active
485,436,8,Salary,369264.53,2021-10-23,Active
486,640,13,Savings,254759.11,2023-08-11,Active
487,629,8,Salary,409549.88,2020-05-22,Inactive
488,666,14,Savings,483016.57,2021-12-11,Active
489,45,5,Salary,255721.72,2022-07-07,Inactive
490,34,19,Current,479374.81,2025-07-22,Active
491,367,11,Current,276933.3,2019-11-21,Inactive
492,284,2,Current,193242.47,2021-05-07,Active
493,392,2,Current,370869.21,2024-01-11,Inactive
494,573,1,Current,437965.64,2023-09-02,Inactive
495,902,10,Savings,5632.56,2023-05-05,Inactive
496,217,11,Current,463201.41,2023-03-21,Inactive
497,105,10,Current,88516.64,2021-09-26,Inactive
498,392,20,Current,306148.9,2023-10-24,Inactive
499,344,3,Current,284889.01,2020-11-19,Active
500,313,12,Savings,275101.15,2023-01-12,Inactive
501,882,4,Salary,273427.64,2023-03-21,Inactive
502,921,1,Salary,496870.46,2024-09-11,Inactive
503,629,19,Current,233020.53,2024-04-11,Active
504,961,7,Current,411716.51,2023-08-26,Active
505,917,8,Current,490744.94,2021-12-24,Active
506,778,9,Savings,424927.16,2025-05-20,Inactive
507,497,2,Savings,408363.23,2021-09-26,Active
508,927,18,Savings,346520.78,2024-11-25,Inactive
509,145,17,Current,242831.22,2020-02-29,Active
510,962,13,Savings,170602.79,2022-11-17,Inactive
511,154,13,Savings,497316.85,2025-03-09,Active
512,16,6,Savings,72450.2,2021-06-07,Active
513,420,18,Salary,132147.05,2022-07-13,Inactive
514,841,17,Current,167913.35,2025-02-23,Active
515,592,16,Salary,199661.83,2024-09-22,Inactive
516,897,4,Salary,301739.53,2019-03-29,Inactive
517,530,4,Savings,87573.79,2020-05-25,Active
518,706,8,Savings,72919.4,2020-09-21,Inactive
519,709,17,Savings,455582.49,2020-09-09,Active
520,853,3,Current,387891.41,2024-03-05,Inactive
521,494,6,Current,406986.69,2024-09-14,Inactive
522,218,10,Salary,374989.26,2020-01-05,Active
523,709,12,Savings,27982.66,2019-04-17,Active
524,544,6,Savings,301619.58,2021-01-20,Inactive
525,569,2,Salary,488238.42,2025-01-18,Inactive
526,668,12,Salary,317774.62,2025-01-02,Inactive
527,420,10,Salary,445226.95,2021-11-18,Active
528,353,7,Current,198341.09,2022-04-18,Active
529,95,17,Salary,348101.55,2025-02-04,Active
530,96,10,Savings,434201.9,2022-10-06,Active
531,901,6,Savings,347013.66,2021-09-14,Active
532,342,15,Current,267349.5,2023-09-11,Active
533,404,17,Savings,384006.87,2020-01-28,Inactive
534,542,15,Salary,267330.11,2019-05-18,Active
535,257,14,Current,236246.42,2022-09-05,Inactive
536,943,17,Current,156684.27,2023-01-09,Active
537,189,16,Current,271123.77,2023-09-01,Inactive
538,316,11,Savings,436545.96,2025-07-02,Active
539,225,4,Savings,176403.8,2022-04-03,Active
540,841,3,Savings,348037.28,2025-04-10,Inactive
541,814,7,Savings,488135.81,2024-12-03,Active
542,316,3,Current,265669.51,2023-09-08,Inactive
543,114,9,Savings,443075.74,2022-12-15,Inactive
544,431,14,Salary,367889.84,2022-08-03,Inactive
545,794,13,Savings,319892.61,2024-01-01,Active
546,140,13,Current,8362.06,2022-10-25,Active
547,998,9,Current,358375.35,2021-12-29,Inactive
548,113,17,Current,328796.0,2024-04-23,Inactive
549,991,18,Savings,214135.86,2022-04-20,Inactive
550,3,17,Salary,19522.07,2019-11-30,Inactive
551,200,9,Savings,178549.3,2020-01-03,Inactive
552,818,12,Current,479420.53,2022-06-29,Inactive
553,507,1,Current,161541.87,2025-04-17,Inactive
554,820,11,Current,257690.72,2023-12-24,Active
555,57,8,Salary,455353.49,2024-07-05,Inactive
556,225,19,Current,196808.52,2024-10-18,Inactive
557,190,13,Savings,336200.29,2021-02-02,Inactive
558,137,13,Savings,232822.6,2019-09-18,Inactive
559,81,20,Salary,499914.32,2024-09-17,Active
560,19,3,Current,171938.1,2022-06-20,Inactive
561,326,7,Salary,196299.58,2021-03-26,Active
562,935,9,Savings,304015.63,2019-05-04,Active
563,273,2,Salary,59302.83,2022-12-12,Inactive
564,283,11,Current,132625.8,2022-12-18,Active
565,60,5,Current,200829.95,2022-10-27,Active
566,50,16,Current,174563.18,2021-03-16,Inactive
567,601,2,Salary,219309.03,2021-10-11,Inactive
568,661,8,Salary,48818.59,2022-01-06,Active
569,169,8,Current,66847.97,2021-02-20,Active
570,534,9,Savings,114206.88,2022-04-09,Inactive
571,583,1,Current,485963.37,2022-07-30,Active
572,799,15,Salary,311265.88,2019-06-08,Active
573,930,1,Savings,333164.44,2021-04-16,Inactive
574,298,3,Salary,15122.24,2021-11-10,Inactive
575,425,5,Salary,202404.37,2020-07-05,Active
576,758,18,Current,17724.44,2019-10-14,Inactive
577,166,8,Savings,475173.37,2019-10-09,Inactive
578,576,7,Salary,155201.23,2024-06-17,Active
579,662,14,Current,452731.27,2023-12-19,Inactive
580,58,18,Savings,423914.82,2022-10-17,Inactive
581,590,18,Savings,150745.94,2021-08-26,Inactive
582,877,20,Current,46434.79,2019-08-29,Active
583,308,7,Salary,424323.89,2022-02-22,Active
584,105,11,Savings,238804.9,2023-01-18,Inactive
585,939,15,Current,489192.05,2024-04-26,Inactive
586,651,13,Savings,190188.79,2019-11-26,Active
587,753,12,Savings,353659.0,2022-08-26,Active
588,449,4,Savings,203404.66,2023-04-04,Active
589,579,20,Current,370841.03,2023-01-14,Inactive
590,23,19,Salary,177411.57,2024-02-06,Inactive
591,780,10,Savings,378912.82,2023-08-01,Inactive
592,965,16,Salary,462359.9,2020-03-21,Active
593,949,20,Salary,13588.8,2021-12-12,Active
594,470,5,Salary,119087.55,2023-12-04,Active
595,448,4,Savings,442343.66,2021-08-22,Active
596,754,19,Salary,326607.98,2023-10-20,Active
597,475,5,Current,170608.61,2024-06-08,Active
598,122,14,Salary,47768.39,2021-10-12,Active
599,884,8,Current,192923.28,2024-09-02,Inactive
600,460,9,Current,81223.23,2022-11-29,Active
601,702,16,Salary,421156.83,2023-04-13,Active
602,807,7,Salary,390463.33,2021-05-24,Active
603,934,1,Current,134530.99,2019-07-06,Active
604,600,17,Savings,19012.66,2023-01-31,Active
605,173,7,Current,407192.61,2020-04-14,Inactive
606,541,3,Salary,121210.19,2023-02-15,Active
607,836,4,Salary,449232.61,2019-08-03,Active
608,286,1,Current,117107.4,2022-08-28,Active
609,495,7,Current,103186.48,2022-04-24,Inactive
610,769,7,Savings,65373.24,2022-11-10,Active
611,377,1,Salary,139280.25,2020-12-22,Inactive
612,340,17,Current,135990.91,2024-08-03,Active
613,769,16,Current,469149.42,2025-03-31,Inactive
614,14,13,Current,469092.51,2025-07-02,Active
615,507,7,Salary,294359.45,2024-05-03,Inactive
616,246,3,Savings,7894.89,2024-05-28,Active
617,233,18,Current,249330.29,2023-07-18,Active
618,121,3,Savings,372316.73,2025-01-25,Active
619,908,7,Salary,332743.87,2025-06-02,Active
620,186,11,Current,202906.69,2020-11-28,Active
621,119,5,Savings,168111.51,2020-03-14,Active
622,187,8,Salary,487804.38,2023-06-28,Inactive
623,599,3,Savings,420302.18,2019-02-16,Inactive
624,104,1,Salary,218559.99,2024-12-31,Active
625,404,14,Current,255476.19,2025-06-23,Inactive
626,869,18,Current,200023.93,2019-07-11,Active
627,650,18,Salary,29819.87,2019-04-10,Inactive
628,844,18,Current,439633.14,2023-07-31,Inactive
629,577,10,Current,226093.13,2023-03-09,Inactive
630,389,2,Salary,485220.55,2021-04-10,Inactive
631,646,13,Salary,422205.09,2021-09-13,Active
632,168,9,Current,72372.61,2021-11-29,Active
633,275,13,Current,474842.81,2020-03-29,Inactive
634,319,12,Savings,416386.95,2022-10-18,Inactive
635,379,9,Savings,433631.23,2022-08-08,Inactive
636,135,20,Savings,295807.55,2020-02-10,Inactive
637,131,7,Current,161709.45,2023-02-21,Active
638,11,8,Current,144098.72,2020-05-01,Inactive
639,445,15,Savings,254699.17,2021-10-11,Active
640,278,20,Savings,141321.6,2021-06-20,Active
641,511,1,Current,433076.93,2021-03-09,Inactive
642,935,8,Savings,418374.27,2020-04-20,Active
643,449,13,Current,36313.21,2019-08-17,Active
644,214,11,Salary,184802.3,2024-08-04,Inactive
645,311,19,Salary,89652.86,2025-07-27,Active
646,247,5,Savings,476611.62,2019-09-23,Active
647,702,9,Salary,199518.74,2020-08-06,Active
648,536,14,Salary,213219.83,2022-08-30,Active
649,656,12,Current,409354.65,2024-01-25,Active
650,78,6,Salary,151006.99,2025-03-07,Active
651,683,12,Current,110908.81,2019-04-22,Active
652,518,6,Savings,384033.5,2025-05-25,Active
653,977,19,Salary,473690.71,2020-07-14,Active
654,249,10,Savings,111303.12,2025-01-07,Inactive
655,639,9,Current,289670.1,2025-03-31,Inactive
656,868,9,Current,135056.49,2021-02-14,Active
657,408,5,Salary,195224.2,2020-03-09,Inactive
658,710,8,Salary,344651.12,2019-09-14,Active
659,868,17,Salary,337914.0,2022-11-04,Inactive
660,421,20,Salary,319681.87,2020-10-03,Inactive
661,274,16,Salary,158988.52,2023-01-12,Inactive
662,830,3,Salary,118344.47,2025-03-30,Inactive
663,22,11,Current,80020.58,2022-09-20,Active
664,368,1,Savings,367876.96,2020-06-26,Active
665,898,19,Savings,19934.65,2023-02-18,Inactive
666,265,11,Salary,189993.07,2025-07-03,Inactive
667,886,5,Savings,434246.87,2023-02-21,Active
668,192,20,Savings,410067.89,2021-01-19,Active
669,904,1,Salary,172322.61,2023-04-19,Inactive
670,713,18,Savings,219886.57,2019-09-20,Inactive
671,657,19,Current,165251.39,2025-03-10,Active
672,533,20,Current,385061.55,2021-12-10,Active
673,390,8,Salary,376055.58,2024-05-29,Active
674,107,4,Savings,463305.53,2025-04-05,Active
675,900,10,Savings,197022.84,2022-04-04,Active
676,641,18,Salary,301708.21,2023-08-04,Active
677,982,12,Current,274386.82,2019-01-24,Active
678,509,10,Current,466193.18,2022-10-13,Inactive
679,549,14,Salary,23530.96,2024-02-16,Inactive
680,769,4,Savings,96914.22,2020-05-19,Active
681,421,13,Current,9080.05,2024-01-09,Active
682,511,1,Current,441956.5,2020-07-17,Inactive
683,608,14,Current,229723.47,2019-03-07,Active
684,819,18,Savings,2244.19,2019-08-06,Active
685,813,16,Savings,11749.88,2022-08-17,Inactive
686,883,5,Savings,135223.3,2021-11-05,Inactive
687,493,10,Savings,271652.78,2022-08-20,Active
688,718,12,Savings,403797.22,2025-06-30,Inactive
689,249,14,Current,315199.66,2020-11-09,Active
690,824,16,Salary,468982.84,2020-04-12,Active
691,343,20,Current,251167.04,2024-07-31,Active
692,363,17,Salary,431232.25,2023-09-18,Active
693,269,8,Salary,333302.18,2025-04-18,Inactive
694,976,4,Savings,46874.94,2019-12-13,Active
695,766,3,Current,151792.2,2019-01-28,Active
696,396,13,Salary,212593.87,2019-05-29,Inactive
697,845,11,Current,132841.36,2020-10-15,Active
698,167,9,Savings,362005.27,2022-09-17,Inactive
699,177,20,Salary,369709.56,2023-09-15,Active
700,962,11,Salary,284224.18,2023-10-25,Active
701,714,20,Salary,198182.62,2023-02-20,Active
702,32,2,Current,405068.55,2020-12-25,Active
703,550,10,Salary,303897.77,2025-04-30,Active
704,962,19,Salary,460665.81,2019-03-05,Inactive
705,969,7,Savings,151836.4,2020-01-24,Active
706,709,16,Current,159238.95,2022-12-07,Active
707,590,3,Current,180355.36,2020-09-01,Inactive
708,716,10,Savings,370208.48,2021-03-14,Active
709,489,18,Current,31072.71,2019-04-20,Active
710,990,8,Current,396240.03,2021-11-20,Active
711,236,12,Salary,493562.38,2021-10-12,Inactive
712,472,3,Current,66965.6,2022-02-09,Active
713,591,20,Current,497849.55,2022-05-26,Active
714,515,11,Salary,339801.5,2019-02-04,Active
715,478,10,Salary,163216.07,2021-10-19,Active
716,745,5,Salary,486909.83,2024-08-24,Inactive
717,967,12,Savings,249528.91,2020-06-02,Inactive
718,170,10,Salary,185571.16,2023-01-23,Active
719,433,2,Current,453216.43,2021-01-07,Active
720,166,5,Savings,100507.28,2023-05-11,Active
721,621,8,Current,268716.07,2019-07-08,Inactive
722,904,9,Salary,444113.05,2022-10-30,Active
723,937,1,Current,277331.02,2021-04-17,Active
724,649,8,Savings,285275.29,2020-07-16,Active
725,28,4,Current,47997.82,2019-10-09,Active
726,456,9,Salary,351125.2,2023-10-04,Active
727,58,19,Salary,258119.88,2025-05-04,Inactive
728,61,8,Salary,388342.61,2021-10-03,Active
729,452,18,Salary,204714.32,2020-12-12,Active
730,222,5,Salary,101006.05,2025-05-06,Active
731,115,8,Current,247420.65,2020-04-14,Active
732,458,9,Savings,116308.89,2022-12-08,Inactive
733,741,10,Current,30439.01,2021-02-09,Inactive
734,717,5,Current,239831.46,2023-07-22,Inactive
735,174,11,Salary,304733.09,2023-07-20,Inactive
736,933,20,Salary,452241.07,2024-12-16,Inactive
737,505,10,Salary,421760.11,2022-06-28,Active
738,131,2,Current,487672.55,2021-05-17,Active
739,373,18,Savings,212412.94,2019-12-29,Inactive
740,510,6,Salary,38159.95,2024-03-24,Inactive
741,529,6,Current,196222.75,2023-07-14,Inactive
742,744,3,Savings,282543.23,2021-08-09,Active
743,593,6,Salary,13807.33,2024-04-08,Inactive
744,528,1,Salary,401856.2,2019-03-10,Inactive
745,43,2,Salary,67566.92,2024-05-21,Inactive
746,892,9,Savings,284369.15,2025-04-20,Active
747,528,15,Savings,336542.73,2021-09-15,Active
748,665,18,Salary,262991.16,2022-05-17,Inactive
749,817,17,Salary,350743.58,2020-07-02,Active
750,661,8,Salary,243445.62,2019-07-21,Inactive
751,868,12,Current,257801.11,2020-08-21,Active
752,258,12,Salary,189635.34,2020-07-26,Active
753,890,6,Savings,391330.03,2021-08-31,Active
754,236,12,Savings,112722.83,2021-02-18,Active
755,581,8,Savings,451517.96,2023-08-13,Active
756,864,6,Savings,153641.91,2024-06-06,Active
757,695,17,Current,261116.3,2021-03-24,Inactive
758,704,8,Current,330549.74,2023-08-04,Active
759,667,5,Current,252175.66,2024-10-05,Active
760,479,4,Salary,227411.74,2023-08-16,Inactive
761,15,15,Savings,366214.83,2024-03-03,Inactive
762,444,9,Current,274173.98,2024-09-09,Active
763,335,11,Savings,447464.35,2022-04-01,Active
764,384,3,Current,212215.81,2024-02-08,Inactive
765,415,5,Savings,454841.27,2019-10-25,Inactive
766,20,5,Current,448921.42,2020-02-21,Active
767,511,17,Current,34826.48,2020-06-20,Inactive
768,575,15,Salary,310353.55,2025-06-17,Inactive
769,272,11,Salary,302715.51,2020-07-19,Active
770,586,10,Savings,99886.22,2025-01-11,Inactive
771,46,19,Savings,390861.48,2024-05-17,Active
772,911,17,Savings,19470.15,2020-07-31,Inactive
773,435,7,Current,91076.63,2025-02-22,Inactive
774,632,9,Savings,405112.02,2019-02-28,Inactive
775,361,18,Savings,84436.71,2020-10-03,Inactive
776,744,9,Savings,333281.55,2023-02-26,Active
777,210,19,Savings,480851.96,2023-01-16,Active
778,117,4,Current,422474.42,2020-05-09,Inactive
779,463,1,Current,340330.31,2022-11-04,Active
780,440,2,Savings,185902.15,2025-07-14,Inactive
781,571,7,Current,161123.01,2021-10-28,Inactive
782,411,15,Current,345986.9,2019-08-05,Active
783,337,1,Salary,14324.55,2022-03-05,Active
784,612,18,Salary,475525.31,2019-08-29,Active
785,932,15,Current,288514.44,2023-07-09,Inactive
786,358,14,Current,251113.37,2025-03-03,Inactive
787,741,8,Savings,428416.32,2019-07-28,Active
788,475,8,Salary,49819.56,2024-01-29,Active
789,759,18,Savings,423612.22,2024-12-19,Inactive
790,870,18,Current,279915.32,2023-03-12,Active
791,963,5,Current,95570.59,2025-05-20,Active
792,763,3,Current,168779.48,2021-03-10,Inactive
793,938,9,Current,23537.24,2022-03-22,Inactive
794,892,6,Current,1512.52,2020-06-01,Active
795,194,19,Salary,297058.62,2021-02-09,Active
796,72,15,Salary,346343.06,2024-02-28,Inactive
797,724,7,Savings,298065.78,2021-06-10,Inactive
798,644,17,Current,435140.06,2024-06-06,Active
799,963,18,Salary,111288.96,2022-06-30,Active
800,859,8,Savings,319939.4,2020-09-25,Active
801,848,3,Current,351022.52,2025-04-15,Active
802,311,14,Current,121416.18,2019-07-03,Active
803,285,5,Salary,82005.27,2020-10-07,Active
804,214,11,Current,313267.88,2022-08-04,Active
805,451,5,Current,260531.82,2024-09-14,Inactive
806,483,16,Salary,381214.88,2025-04-20,Inactive
807,358,15,Savings,153930.86,2020-05-16,Active
808,393,18,Current,93068.39,2019-07-15,Inactive
809,515,20,Current,18741.78,2024-10-31,Inactive
810,467,12,Current,113847.46,2023-10-09,Active
811,949,9,Salary,459953.36,2022-11-09,Inactive
812,610,8,Current,94590.58,2024-01-23,Inactive
813,672,17,Salary,286109.09,2020-09-21,Active
814,599,14,Salary,474416.12,2022-10-18,Active
815,283,15,Salary,247056.04,2025-03-20,Active
816,316,13,Savings,157735.14,2022-05-20,Inactive
817,809,14,Savings,342013.51,2023-07-25,Inactive
818,514,10,Savings,320633.36,2025-02-28,Inactive
819,358,13,Current,3054.74,2022-11-23,Active
820,623,16,Salary,370969.15,2025-06-16,Active
821,832,9,Savings,306594.15,2023-12-24,Active
822,714,17,Current,190004.87,2025-02-27,Inactive
823,169,7,Savings,62783.88,2021-04-13,Active
824,477,2,Savings,406441.18,2024-07-03,Active
825,697,16,Salary,393348.6,2020-06-29,Active
826,543,3,Salary,341687.24,2023-02-05,Inactive
827,148,5,Salary,87352.5,2021-06-14,Active
828,144,14,Salary,331502.99,2022-04-27,Active
829,876,13,Current,283880.4,2019-09-18,Inactive
830,730,15,Current,282413.91,2025-03-09,Inactive
831,632,14,Current,262007.59,2019-12-13,Inactive
832,551,17,Savings,392522.0,2023-04-08,Inactive
833,840,4,Current,202405.95,2021-12-01,Inactive
834,280,13,Salary,241251.35,2020-06-18,Inactive
835,950,17,Savings,281173.3,2024-06-10,Active
836,571,13,Salary,22570.27,2021-05-16,Active
837,212,16,Salary,133301.76,2020-01-08,Inactive
838,169,7,Current,424722.97,2023-10-05,Inactive
839,175,1,Current,258410.96,2021-04-01,Inactive
840,456,3,Salary,368743.12,2019-04-17,Active
841,801,4,Current,479411.78,2024-05-19,Active
842,846,15,Current,173497.82,2025-05-23,Inactive
843,841,19,Current,244793.8,2022-10-27,Inactive
844,928,8,Salary,299394.58,2022-08-04,Active
845,444,18,Salary,15314.05,2019-01-16,Inactive
846,933,11,Current,18375.11,2023-02-06,Inactive
847,853,7,Salary,260491.36,2019-05-03,Inactive
848,551,14,Salary,342596.26,2023-04-06,Active
849,124,1,Current,86824.18,2020-06-16,Active
850,256,15,Savings,111306.6,2025-04-17,Active
851,830,8,Salary,212476.97,2020-08-22,Inactive
852,485,6,Current,443489.81,2020-10-15,Inactive
853,628,19,Savings,227484.84,2025-04-11,Inactive
854,932,10,Salary,101194.46,2019-03-19,Inactive
855,953,15,Current,274470.56,2024-06-02,Active
856,336,18,Savings,401860.71,2020-07-01,Active
857,13,10,Current,176279.7,2022-10-10,Inactive
858,897,16,Savings,203541.04,2024-11-09,Inactive
859,339,12,Salary,235110.58,2022-12-06,Active
860,527,1,Savings,446771.96,2024-06-19,Active
861,817,6,Salary,187673.22,2025-07-14,Inactive
862,461,14,Salary,26498.58,2020-09-21,Active
863,940,14,Savings,290806.1,2021-12-17,Inactive
864,938,17,Savings,78743.47,2023-07-31,Active
865,579,4,Salary,274581.73,2020-12-09,Inactive
866,880,3,Salary,265313.95,2020-06-29,Inactive
867,897,18,Current,246503.44,2024-08-14,Inactive
868,117,5,Savings,330789.66,2019-08-12,Inactive
869,76,15,Savings,453007.54,2024-03-09,Inactive
870,224,8,Current,205026.24,2021-11-03,Active
871,747,15,Savings,164165.05,2023-03-01,Active
872,399,7,Salary,246939.11,2020-02-21,Active
873,732,9,Salary,465340.89,2023-05-12,Active
874,777,16,Savings,207493.72,2025-03-06,Active
875,81,4,Salary,417123.12,2022-03-14,Active
876,571,13,Current,488987.8,2019-07-06,Inactive
877,571,10,Savings,175933.18,2019-09-11,Active
878,509,16,Savings,440461.91,2021-09-02,Inactive
879,268,4,Salary,154467.97,2020-10-26,Inactive
880,592,12,Current,286769.77,2023-05-17,Inactive
881,489,20,Current,269184.03,2019-03-12,Inactive
882,829,1,Savings,418180.31,2025-04-09,Active
883,161,19,Salary,475327.4,2022-06-16,Active
884,898,5,Savings,347543.28,2022-12-18,Inactive
885,519,8,Current,184283.85,2024-12-14,Inactive
886,715,10,Salary,406363.56,2023-12-26,Active
887,708,2,Savings,209429.25,2024-09-04,Inactive
888,166,20,Current,206018.84,2025-01-06,Inactive
889,466,6,Current,155419.83,2021-07-14,Inactive
890,112,6,Savings,125090.77,2021-12-30,Inactive
891,759,4,Savings,236921.57,2019-07-24,Active
892,240,16,Salary,52404.81,2020-02-13,Active
893,685,14,Salary,369269.44,2022-09-16,Inactive
894,799,3,Savings,401399.29,2024-06-25,Active
895,894,6,Savings,6076.62,2022-11-20,Inactive
896,337,16,Salary,91075.2,2022-04-20,Active
897,796,15,Current,251429.51,2021-03-14,Active
898,160,3,Current,55287.1,2024-01-02,Active
899,737,14,Salary,93871.78,2025-05-27,Inactive
900,834,13,Savings,195702.25,2020-07-15,Inactive
901,470,8,Savings,236202.1,2022-10-28,Active
902,273,20,Savings,389812.12,2022-05-28,Inactive
903,821,17,Current,30389.45,2023-10-12,Active
904,641,16,Current,413400.54,2019-01-31,Inactive
905,959,5,Savings,107793.74,2019-08-04,Active
906,251,18,Current,90714.95,2022-02-07,Active
907,839,9,Savings,304722.11,2023-07-12,Inactive
908,890,16,Salary,99928.77,2021-08-22,Inactive
909,730,2,Current,393642.39,2023-09-20,Active
910,554,14,Current,274392.51,2022-11-25,Inactive
911,259,3,Current,446856.0,2024-04-10,Active
912,314,20,Salary,220989.53,2022-02-04,Inactive
913,860,18,Current,49895.27,2022-07-08,Inactive
914,586,12,Salary,373148.1,2020-04-13,Inactive
915,610,6,Savings,368687.46,2025-01-25,Inactive
916,247,7,Current,348439.73,2021-04-21,Active
917,432,13,Current,399100.45,2021-03-16,Inactive
918,179,6,Salary,418072.3,2024-09-25,Active
919,542,13,Savings,337140.08,2021-08-16,Inactive
920,834,8,Savings,427985.16,2020-04-12,Active
921,943,11,Current,214853.85,2025-02-27,Active
922,812,1,Savings,329550.67,2019-08-13,Inactive
923,253,13,Savings,316168.78,2023-05-08,Inactive
924,448,16,Current,277553.93,2020-01-09,Active
925,193,7,Salary,446901.52,2021-12-06,Inactive
926,214,2,Savings,485596.2,2021-03-09,Inactive
927,608,4,Savings,89214.44,2022-02-27,Inactive
928,692,1,Current,46349.06,2019-11-10,Inactive
929,674,19,Savings,482765.03,2019-11-09,Active
930,973,19,Salary,343338.85,2024-10-21,Active
931,574,12,Savings,213728.57,2025-07-20,Inactive
932,289,4,Salary,172690.09,2022-08-16,Active
933,394,16,Salary,22909.47,2020-03-30,Inactive
934,146,16,Salary,396271.67,2024-01-29,Active
935,737,15,Current,220623.38,2023-03-31,Inactive
936,967,14,Savings,210647.77,2020-11-09,Inactive
937,34,14,Current,261882.4,2019-02-19,Inactive
938,982,20,Salary,411451.61,2021-12-02,Inactive
939,849,18,Current,144803.35,2022-09-08,Inactive
940,310,7,Current,282469.94,2021-09-13,Inactive
941,794,13,Current,50280.28,2025-03-16,Inactive
942,710,11,Savings,69869.91,2020-10-19,Inactive
943,807,8,Salary,442886.29,2025-07-06,Active
944,967,9,Salary,480982.17,2019-02-12,Active
945,596,7,Current,210990.22,2024-09-27,Inactive
946,721,4,Savings,453732.11,2025-01-25,Active
947,182,19,Current,29963.68,2019-09-19,Inactive
948,130,15,Savings,499858.44,2021-09-09,Inactive
949,870,16,Current,81391.9,2023-06-08,Inactive
950,286,3,Savings,35974.28,2019-08-02,Active
951,906,2,Current,54244.7,2019-08-21,Active
952,198,13,Salary,327135.26,2024-09-10,Active
953,310,9,Current,199426.9,2024-11-02,Inactive
954,943,11,Salary,125059.56,2024-09-29,Active
955,527,4,Salary,201406.65,2019-03-07,Active
956,159,5,Savings,373956.31,2019-05-03,Active
957,232,6,Salary,378107.28,2023-09-01,Active
958,665,19,Salary,371282.68,2021-10-04,Inactive
959,329,10,Salary,344980.54,2022-01-13,Inactive
960,860,3,Savings,132272.58,2023-01-17,Inactive
961,89,17,Savings,44134.33,2020-08-15,Active
962,350,5,Current,455901.44,2019-05-12,Inactive
963,477,19,Salary,420846.39,2020-05-04,Inactive
964,164,18,Savings,132275.09,2023-08-04,Inactive
965,104,17,Salary,387389.73,2023-06-08,Inactive
966,543,13,Current,291499.18,2021-05-12,Inactive
967,879,11,Savings,22966.94,2021-10-12,Inactive
968,228,17,Current,74632.73,2023-07-21,Active
969,296,12,Current,193259.72,2020-06-16,Inactive
970,947,3,Savings,364614.0,2021-01-03,Active
971,3,17,Salary,480359.67,2025-05-27,Active
972,440,11,Salary,382912.9,2023-01-12,Active
973,524,8,Salary,435509.25,2024-03-25,Active
974,327,9,Savings,203876.26,2023-01-02,Active
975,504,16,Salary,350320.81,2024-08-04,Active
976,108,13,Current,140487.02,2024-12-07,Active
977,468,19,Savings,24947.39,2022-08-24,Inactive
978,487,4,Savings,239718.21,2024-07-15,Inactive
979,187,15,Current,368351.57,2019-07-03,Inactive
980,304,19,Salary,178022.99,2021-08-28,Active
981,296,4,Current,449796.43,2025-05-26,Inactive
982,891,13,Salary,168856.96,2021-12-13,Active
983,625,11,Savings,116533.83,2021-01-10,Inactive
984,635,11,Salary,232508.81,2021-05-17,Inactive
985,355,19,Salary,28718.66,2022-04-14,Active
986,560,9,Savings,393789.69,2019-04-14,Inactive
987,733,9,Savings,282908.48,2021-01-31,Inactive
988,665,14,Salary,324749.82,2023-06-26,Inactive
989,733,7,Savings,213056.86,2024-10-02,Inactive
990,967,14,Current,212101.52,2022-10-21,Inactive
991,469,5,Salary,388464.61,2024-03-04,Active
992,917,7,Savings,320353.69,2025-01-17,Inactive
993,195,1,Current,479421.25,2019-05-08,Active
994,650,5,Savings,62326.34,2024-09-16,Active
995,4,14,Current,336254.0,2019-07-19,Inactive
996,469,9,Salary,345597.59,2023-08-18,Inactive
997,650,17,Salary,171553.15,2020-09-26,Inactive
998,365,15,Salary,231623.96,2021-01-24,Inactive
999,731,14,Savings,400596.99,2023-04-30,Active
1000,453,7,Savings,264492.08,2021-12-25,Inactive
1001,314,2,Salary,35818.54,2022-01-27,Inactive
1002,879,16,Savings,410592.42,2023-02-14,Active
1003,139,6,Current,383783.51,2022-08-03,Inactive
1004,545,17,Savings,461982.81,2020-09-01,Active
1005,307,6,Savings,376799.49,2022-02-25,Active
1006,962,15,Salary,96797.44,2019-06-30,Active
1007,574,8,Current,388080.77,2024-03-04,Active
1008,751,2,Savings,166436.98,2023-07-16,Inactive
1009,73,9,Salary,209567.12,2022-07-14,Active
1010,410,6,Salary,184727.84,2024-06-26,Active
1011,719,9,Savings,415016.08,2019-07-18,Inactive
1012,787,20,Current,68751.96,2019-02-02,Active
1013,408,17,Savings,27949.42,2023-02-25,Active
1014,457,4,Current,220138.51,2024-06-25,Active
1015,340,18,Savings,146026.99,2024-10-05,Active
1016,797,4,Current,375697.66,2025-01-29,Active
1017,68,10,Savings,327739.91,2020-11-07,Active
1018,572,16,Savings,460359.5,2025-07-05,Active
1019,986,12,Salary,106321.58,2022-07-18,Active
1020,658,18,Current,338377.49,2021-03-07,Active
1021,462,20,Savings,355130.46,2021-06-24,Inactive
1022,212,5,Current,128208.42,2019-05-18,Active
1023,939,7,Salary,26560.61,2025-03-27,Inactive
1024,241,1,Current,148362.47,2025-07-18,Active
1025,996,13,Salary,435171.84,2023-03-22,Inactive
1026,636,16,Current,125147.36,2022-02-22,Inactive
1027,381,13,Salary,116681.82,2024-11-21,Inactive
1028,600,7,Salary,373444.5,2019-05-22,Active
1029,80,17,Salary,487292.99,2021-02-26,Inactive
1030,998,1,Salary,57679.33,2022-01-19,Inactive
1031,331,9,Savings,435654.83,2024-04-23,Inactive
1032,508,18,Salary,157190.84,2023-05-11,Inactive
1033,874,7,Salary,453361.95,2019-05-05,Active
1034,484,13,Salary,375983.31,2021-04-15,Active
1035,627,1,Current,199561.03,2021-05-28,Inactive
1036,391,15,Savings,245968.39,2025-01-20,Inactive
1037,227,18,Current,382667.97,2024-04-18,Active
1038,949,6,Current,213664.32,2021-10-06,Inactive
1039,271,13,Savings,85964.29,2020-02-10,Active
1040,390,8,Current,424459.15,2022-11-01,Active
1041,828,12,Salary,186100.47,2019-12-24,Inactive
1042,974,3,Salary,40058.86,2025-01-02,Inactive
1043,976,5,Savings,120582.98,2020-09-14,Active
1044,907,19,Current,26269.15,2023-03-02,Inactive
1045,451,7,Savings,499497.07,2019-04-11,Active
1046,853,3,Salary,366218.48,2021-03-02,Inactive
1047,881,13,Current,182653.76,2024-01-07,Inactive
1048,949,8,Current,123764.62,2019-08-20,Inactive
1049,442,17,Savings,161889.27,2020-04-19,Active
1050,724,17,Salary,444242.17,2019-01-13,Active
1051,476,7,Savings,147178.41,2023-09-18,Inactive
1052,796,9,Current,407538.53,2020-03-30,Active
1053,48,4,Salary,171963.48,2020-01-29,Active
1054,798,10,Current,339534.43,2019-09-24,Inactive
1055,321,17,Current,241438.88,2023-01-08,Active
1056,587,1,Savings,233389.36,2022-03-11,Inactive
1057,581,6,Savings,227593.16,2021-07-09,Active
1058,647,2,Salary,284174.79,2022-02-24,Active
1059,558,7,Savings,371026.1,2019-05-23,Active
1060,652,8,Current,66306.24,2024-09-19,Inactive
1061,233,13,Savings,148137.79,2023-10-20,Active
1062,726,6,Salary,428764.2,2019-07-11,Active
1063,971,7,Current,135761.99,2019-02-14,Active
1064,342,15,Current,367767.5,2022-12-27,Inactive
1065,958,1,Savings,335474.15,2020-05-01,Inactive
1066,393,19,Savings,385854.27,2021-07-01,Active
1067,129,20,Salary,59255.55,2022-10-09,Active
1068,311,5,Savings,273538.77,2024-07-19,Inactive
1069,408,13,Current,180660.74,2019-08-22,Active
1070,81,10,Savings,164507.2,2022-03-31,Inactive
1071,295,14,Salary,251810.73,2022-04-30,Active
1072,217,19,Current,37110.91,2021-02-03,Active
1073,372,3,Salary,297359.66,2021-07-30,Active
1074,107,1,Salary,39648.17,2023-06-02,Active
1075,355,7,Current,370407.05,2024-05-17,Active
1076,61,17,Current,239633.44,2021-09-26,Inactive
1077,663,9,Savings,94264.13,2024-10-11,Active
1078,875,5,Current,2335.33,2020-11-07,Inactive
1079,774,18,Current,404741.22,2023-04-29,Active
1080,54,6,Current,384707.42,2019-09-21,Inactive
1081,569,5,Savings,438173.57,2019-08-24,Inactive
1082,205,5,Salary,191787.24,2023-08-30,Active
1083,355,8,Savings,120968.63,2023-06-07,Active
1084,711,2,Salary,167612.75,2020-07-19,Inactive
1085,566,1,Savings,31693.37,2020-06-26,Active
1086,175,8,Salary,73328.15,2021-11-20,Active
1087,378,4,Salary,90945.77,2019-06-07,Active
1088,977,6,Current,401793.07,2021-03-22,Inactive
1089,231,16,Savings,11879.94,2022-08-14,Inactive
1090,574,10,Salary,2286.47,2023-03-26,Inactive
1091,771,18,Current,77907.33,2019-01-30,Inactive
1092,743,15,Current,187301.4,2020-02-15,Active
1093,661,18,Salary,457382.35,2025-04-09,Inactive
1094,397,1,Salary,300548.31,2019-10-10,Inactive
1095,441,8,Savings,126649.75,2021-09-16,Inactive
1096,591,19,Salary,72747.55,2023-03-18,Active
1097,200,8,Current,497594.8,2022-02-16,Active
1098,876,3,Savings,347398.61,2023-03-08,Active
1099,914,6,Salary,441659.44,2022-10-15,Inactive
1100,310,8,Current,111185.9,2021-10-09,Active
1101,485,13,Savings,227431.41,2023-08-30,Active
1102,840,3,Current,219247.6,2022-03-24,Inactive
1103,804,15,Current,340075.55,2023-10-16,Active
1104,232,20,Savings,30121.26,2023-08-02,Inactive
1105,884,7,Savings,187966.1,2023-04-12,Active
1106,60,9,Current,185651.19,2022-01-23,Inactive
1107,832,14,Salary,407657.06,2019-01-24,Inactive
1108,871,8,Current,285084.14,2021-07-21,Inactive
1109,640,4,Savings,493838.39,2019-02-13,Inactive
1110,258,1,Current,125704.57,2024-04-09,Active
1111,59,14,Current,186765.34,2019-03-01,Active
1112,836,4,Current,137460.69,2019-01-13,Active
1113,680,9,Salary,481401.07,2022-06-26,Inactive
1114,581,14,Savings,181998.43,2025-02-01,Inactive
1115,368,10,Current,97429.66,2020-04-21,Inactive
1116,149,6,Salary,273216.07,2019-12-20,Inactive
1117,755,9,Current,406425.37,2019-09-15,Active
1118,220,11,Salary,412813.23,2021-03-15,Inactive
1119,749,3,Salary,477691.86,2021-01-07,Inactive
1120,179,15,Current,239426.55,2019-12-26,Inactive
1121,54,5,Salary,234391.89,2025-05-21,Inactive
1122,899,15,Salary,103138.08,2019-02-24,Inactive
1123,48,9,Salary,446701.37,2019-05-28,Inactive
1124,684,2,Current,193733.71,2019-11-09,Active
1125,387,12,Salary,293528.13,2020-10-23,Inactive
1126,847,20,Salary,239814.61,2020-11-21,Inactive
1127,787,16,Salary,344767.57,2019-04-02,Active
1128,445,9,Salary,162964.55,2024-02-27,Active
1129,324,10,Savings,186503.52,2022-08-08,Active
1130,647,1,Savings,167705.89,2019-11-11,Active
1131,660,20,Current,173718.66,2023-07-18,Inactive
1132,353,3,Salary,481306.17,2021-04-17,Inactive
1133,72,14,Savings,318482.69,2024-11-14,Inactive
1134,836,5,Salary,16737.28,2024-07-16,Active
1135,218,5,Savings,171581.35,2023-07-30,Active
1136,172,20,Savings,447715.99,2024-12-19,Active
1137,320,1,Salary,170980.35,2021-03-02,Inactive
1138,951,1,Salary,223870.73,2024-12-18,Inactive
1139,442,14,Savings,117078.45,2024-06-24,Active
1140,938,14,Savings,428240.27,2021-04-15,Active
1141,861,13,Savings,431859.61,2025-06-02,Inactive
1142,190,10,Salary,230661.22,2020-06-11,Active
1143,526,4,Savings,218385.5,2019-06-28,Active
1144,88,15,Salary,445221.58,2020-05-30,Inactive
1145,621,11,Current,222519.22,2019-09-02,Inactive
1146,86,12,Current,468890.02,2019-09-28,Inactive
1147,280,15,Current,38560.3,2020-10-23,Inactive
1148,578,18,Current,377015.57,2020-07-14,Inactive
1149,335,5,Savings,443026.59,2024-09-23,Active
1150,367,8,Current,452851.34,2024-12-01,Active
1151,208,3,Salary,479122.45,2025-07-10,Active
1152,272,2,Current,70863.81,2022-09-28,Active
1153,936,13,Current,305012.81,2019-04-23,Inactive
1154,535,13,Savings,389131.06,2020-01-09,Active
1155,553,3,Salary,396874.83,2020-10-16,Active
1156,937,7,Salary,65966.71,2020-11-20,Inactive
1157,150,11,Salary,342121.87,2023-05-26,Inactive
1158,979,20,Savings,329636.9,2021-11-18,Inactive
1159,314,15,Savings,269424.67,2021-01-09,Active
1160,732,7,Current,48241.57,2023-06-22,Inactive
1161,920,3,Current,33648.0,2025-02-24,Inactive
1162,532,10,Salary,120616.55,2023-08-09,Inactive
1163,906,1,Salary,79899.57,2020-07-19,Inactive
1164,104,10,Salary,353007.75,2023-12-03,Inactive
1165,389,2,Current,421722.31,2023-06-19,Active
1166,111,18,Savings,460370.26,2020-09-25,Inactive
1167,809,10,Savings,458639.54,2020-02-05,Inactive
1168,227,18,Savings,93168.45,2022-11-30,Active
1169,720,8,Salary,318300.54,2024-01-04,Active
1170,653,7,Current,418335.62,2025-01-02,Active
1171,419,6,Salary,381440.28,2021-05-01,Active
1172,182,12,Salary,141759.77,2025-05-02,Inactive
1173,358,19,Salary,244686.14,2021-11-14,Active
1174,31,5,Salary,221381.23,2022-12-20,Inactive
1175,696,4,Savings,490803.81,2022-01-29,Active
1176,903,7,Salary,443382.7,2021-08-10,Active
1177,562,12,Current,405933.88,2020-12-19,Inactive
1178,265,10,Savings,183686.9,2023-08-26,Active
1179,327,18,Savings,251397.08,2022-11-14,Active
1180,668,12,Savings,102833.21,2019-12-31,Active
1181,683,7,Savings,184445.34,2020-02-26,Active
1182,319,18,Salary,263876.41,2023-07-13,Active
1183,572,11,Savings,304286.5,2022-02-26,Inactive
1184,813,13,Current,444749.28,2020-05-15,Inactive
1185,559,1,Savings,375308.65,2021-01-02,Inactive
1186,576,9,Current,391661.44,2022-03-09,Inactive
1187,4,14,Savings,305516.23,2025-04-16,Inactive
1188,904,17,Salary,217675.02,2022-05-29,Active
1189,73,7,Current,216955.18,2022-06-14,Inactive
1190,787,13,Savings,387650.35,2020-10-04,Inactive
1191,194,15,Savings,286095.12,2024-07-13,Active
1192,642,19,Salary,190501.5,2024-12-16,Active
1193,793,14,Current,119905.22,2024-09-25,Active
1194,264,7,Current,359920.54,2024-08-31,Active
1195,293,9,Salary,411694.04,2024-03-14,Inactive
1196,709,14,Salary,335616.16,2023-03-28,Inactive
1197,780,20,Savings,104338.62,2024-01-23,Inactive
1198,868,11,Current,159236.91,2020-03-24,Active
1199,696,14,Savings,171656.38,2020-07-01,Active
1200,411,5,Salary,315330.9,2019-06-09,Inactive
1201,662,2,Savings,198299.91,2019-12-27,Active
1202,346,11,Current,354584.35,2023-08-07,Active
1203,576,9,Current,292961.84,2023-08-21,Inactive
1204,824,12,Current,169078.95,2020-11-20,Inactive
1205,422,18,Savings,464350.66,2020-03-10,Inactive
1206,958,18,Savings,474508.84,2023-05-07,Active
1207,723,2,Salary,404711.99,2022-11-10,Inactive
1208,588,9,Salary,401132.96,2020-09-27,Inactive
1209,147,13,Savings,187868.45,2025-04-15,Inactive
1210,178,10,Salary,157663.04,2024-12-08,Inactive
1211,240,3,Salary,130785.47,2022-01-04,Inactive
1212,797,10,Savings,141280.91,2020-03-17,Inactive
1213,728,9,Salary,270510.24,2020-04-03,Inactive
1214,106,2,Salary,438264.3,2020-11-01,Inactive
1215,474,14,Savings,113625.15,2024-03-14,Inactive
1216,711,20,Savings,196253.14,2023-02-25,Active
1217,671,16,Current,106440.79,2019-07-16,Active
1218,350,20,Savings,455062.39,2020-10-18,Active
1219,17,1,Salary,319182.53,2025-01-30,Active
1220,286,17,Savings,180031.16,2021-07-19,Active
1221,586,12,Savings,119861.7,2025-04-14,Active
1222,414,3,Salary,77288.9,2020-09-23,Active
1223,305,12,Savings,137960.91,2019-07-07,Active
1224,783,15,Salary,114121.93,2022-07-04,Inactive
1225,554,12,Current,99667.39,2020-12-23,Inactive
1226,518,11,Savings,240897.97,2025-07-23,Inactive
1227,838,19,Salary,250576.48,2020-06-14,Inactive
1228,764,15,Savings,158298.0,2025-05-14,Inactive
1229,954,4,Current,199982.78,2021-06-14,Active
1230,525,14,Current,303460.86,2025-03-20,Inactive
1231,979,9,Savings,79907.87,2024-04-07,Active
1232,569,8,Salary,296783.55,2021-06-15,Active
1233,514,11,Current,350691.69,2024-05-25,Active
1234,30,5,Salary,173109.72,2022-03-25,Active
1235,776,1,Current,313383.12,2021-05-31,Inactive
1236,153,14,Current,287641.92,2020-01-31,Inactive
1237,24,8,Salary,330852.46,2021-09-24,Active
1238,733,13,Current,458138.78,2023-09-12,Inactive
1239,979,2,Current,115959.36,2024-09-24,Active
1240,546,8,Current,243710.46,2025-01-04,Inactive
1241,662,8,Savings,204504.07,2023-07-27,Inactive
1242,907,9,Savings,288462.89,2021-08-12,Active
1243,602,17,Salary,324651.86,2019-10-14,Inactive
1244,283,18,Savings,93083.18,2019-08-15,Active
1245,452,2,Salary,178737.51,2024-10-30,Active
1246,912,1,Salary,28288.56,2022-08-11,Inactive
1247,244,1,Savings,485771.55,2024-10-26,Active
1248,527,19,Savings,330626.07,2023-07-22,Active
1249,972,14,Current,109443.61,2023-01-13,Inactive
1250,567,17,Savings,125644.27,2021-10-20,Inactive
1251,535,10,Current,96972.86,2023-10-10,Inactive
1252,660,1,Savings,296949.27,2019-10-24,Inactive
1253,430,4,Salary,144392.92,2024-08-14,Active
1254,256,15,Salary,196321.88,2019-10-14,Inactive
1255,70,8,Current,252551.51,2020-12-02,Active
1256,862,18,Savings,498489.97,2024-06-19,Active
1257,988,9,Current,123540.94,2024-05-28,Inactive
1258,359,7,Salary,292901.85,2019-03-09,Inactive
1259,630,5,Current,249652.82,2023-12-11,Inactive
1260,301,10,Salary,213282.07,2024-02-26,Active
1261,229,15,Current,114264.5,2024-06-16,Inactive
1262,833,14,Current,437622.27,2020-07-13,Active
1263,821,16,Savings,486473.29,2019-06-24,Active
1264,202,1,Savings,113942.86,2020-05-13,Inactive
1265,545,15,Current,158184.8,2022-09-23,Active
1266,795,8,Savings,383921.77,2021-02-20,Active
1267,916,3,Salary,301678.54,2022-08-12,Inactive
1268,967,5,Salary,36589.87,2023-10-26,Inactive
1269,29,9,Current,208579.49,2024-07-30,Inactive
1270,438,8,Current,109861.69,2023-04-17,Active
1271,498,6,Savings,383042.86,2023-12-03,Active
1272,951,10,Salary,337122.08,2024-01-05,Active
1273,727,11,Savings,64138.74,2020-01-30,Active
1274,341,10,Salary,337336.72,2022-08-05,Inactive
1275,814,17,Salary,270578.82,2022-12-14,Inactive
1276,704,7,Savings,53680.56,2020-11-20,Active
1277,20,16,Salary,116476.66,2025-04-23,Active
1278,332,7,Salary,484454.28,2025-02-18,Active
1279,505,9,Savings,487952.96,2020-09-13,Inactive
1280,375,3,Savings,437655.3,2020-02-14,Inactive
1281,894,14,Salary,85407.23,2019-01-17,Inactive
1282,904,12,Savings,492377.94,2025-07-07,Active
1283,980,5,Current,258718.39,2021-03-18,Inactive
1284,653,9,Savings,152488.86,2023-06-08,Inactive
1285,66,5,Salary,24516.48,2020-03-23,Inactive
1286,823,6,Current,341409.6,2024-05-22,Active
1287,735,3,Savings,240920.12,2024-01-31,Inactive
1288,761,20,Current,253188.32,2024-12-31,Active
1289,612,18,Salary,199192.07,2020-09-24,Active
1290,650,14,Current,306210.59,2021-12-09,Inactive
1291,196,3,Salary,166311.81,2019-12-19,Active
1292,203,17,Salary,498161.08,2022-08-14,Inactive
1293,902,10,Savings,11201.99,2020-07-27,Active
1294,989,5,Current,266878.42,2021-01-28,Active
1295,329,12,Savings,240562.57,2022-05-29,Active
1296,657,7,Current,340925.35,2021-03-10,Inactive
1297,859,11,Savings,457309.6,2020-11-17,Active
1298,305,9,Savings,273013.86,2024-01-01,Active
1299,222,14,Savings,227772.56,2022-10-22,Inactive
1300,82,18,Salary,476261.03,2020-05-21,Inactive
1301,92,2,Savings,366948.83,2020-05-28,Inactive
1302,170,19,Current,465262.48,2023-08-02,Inactive
1303,609,7,Current,403620.03,2021-03-26,Active
1304,291,7,Current,305954.97,2019-09-09,Inactive
1305,595,17,Current,398959.05,2024-05-24,Active
1306,632,19,Salary,481578.34,2021-04-06,Inactive
1307,960,6,Current,396582.9,2024-08-24,Inactive
1308,469,6,Savings,392461.63,2020-10-08,Active
1309,662,11,Salary,368241.73,2024-03-16,Inactive
1310,145,16,Current,289853.7,2025-05-10,Inactive
1311,628,17,Savings,27616.39,2021-09-04,Active
1312,27,8,Savings,327898.23,2020-08-02,Active
1313,529,3,Savings,39770.84,2023-03-19,Active
1314,180,3,Current,394088.14,2025-04-06,Active
1315,746,18,Salary,225753.67,2025-04-01,Inactive
1316,500,10,Savings,189199.12,2021-12-04,Inactive
1317,894,17,Savings,80942.15,2021-08-02,Inactive
1318,888,11,Current,259252.35,2019-05-27,Active
1319,861,7,Savings,319373.54,2019-03-06,Inactive
1320,834,11,Salary,338499.67,2023-03-20,Inactive
1321,412,5,Savings,177939.34,2021-01-18,Active
1322,15,3,Savings,148416.93,2019-11-10,Inactive
1323,357,5,Current,398225.1,2020-03-25,Active
1324,132,20,Salary,155761.64,2022-12-25,Active
1325,726,20,Savings,373111.13,2020-11-28,Inactive
1326,612,17,Current,82325.78,2020-02-11,Active
1327,943,13,Savings,386177.17,2023-05-04,Active
1328,739,6,Current,239317.19,2023-04-22,Inactive
1329,556,13,Salary,418715.13,2023-11-05,Active
1330,441,3,Savings,229877.45,2024-06-18,Active
1331,811,12,Savings,151575.21,2020-05-27,Active
1332,476,8,Salary,147083.62,2022-12-16,Active
1333,551,3,Current,11609.78,2024-08-10,Active
1334,517,15,Salary,48691.05,2020-03-24,Active
1335,762,18,Current,109508.53,2025-01-10,Active
1336,870,7,Current,427472.78,2025-03-04,Inactive
1337,285,6,Salary,331998.27,2022-06-08,Active
1338,236,18,Savings,456846.23,2021-08-31,Inactive
1339,380,4,Savings,75555.27,2023-09-21,Active
1340,793,17,Savings,77376.73,2025-07-12,Active
1341,905,4,Savings,475931.92,2021-09-13,Inactive
1342,108,12,Salary,163546.49,2022-11-17,Active
1343,707,18,Current,387968.16,2021-06-05,Active
1344,207,6,Current,273516.56,2023-07-20,Inactive
1345,387,5,Salary,13730.81,2021-02-22,Inactive
1346,198,3,Salary,260394.59,2021-12-26,Active
1347,673,2,Salary,286737.97,2022-06-27,Inactive
1348,418,8,Salary,462418.3,2020-05-27,Active
1349,333,7,Salary,298885.94,2023-06-06,Inactive
1350,661,1,Salary,495564.46,2019-04-20,Active
1351,469,11,Savings,450867.25,2024-02-06,Inactive
1352,297,11,Savings,305190.0,2021-03-01,Inactive
1353,471,4,Savings,120947.33,2021-01-22,Inactive
1354,125,6,Salary,198581.52,2022-03-12,Inactive
1355,831,11,Current,148745.52,2023-02-23,Active
1356,578,20,Salary,24840.31,2023-10-04,Inactive
1357,124,11,Savings,473399.7,2022-04-26,Active
1358,228,8,Salary,158622.9,2019-12-03,Active
1359,454,1,Salary,326766.32,2019-09-19,Inactive
1360,677,1,Current,137021.96,2020-05-01,Inactive
1361,803,14,Current,144424.45,2025-04-17,Inactive
1362,555,4,Salary,59266.54,2024-02-02,Active
1363,298,20,Savings,236942.99,2024-06-18,Active
1364,15,10,Salary,300632.38,2020-02-09,Active
1365,184,19,Current,51593.38,2020-03-25,Inactive
1366,318,5,Savings,277123.35,2023-07-27,Inactive
1367,251,19,Savings,370497.08,2021-11-28,Inactive
1368,60,14,Current,383654.93,2024-12-27,Active
1369,91,15,Salary,70950.3,2023-11-25,Active
1370,51,15,Current,75437.42,2023-01-15,Inactive
1371,939,11,Salary,35156.66,2020-09-17,Active
1372,735,16,Salary,165549.12,2023-01-21,Inactive
1373,113,13,Current,118467.72,2021-02-01,Inactive
1374,492,6,Salary,440903.13,2022-05-11,Active
1375,352,5,Savings,385738.07,2025-07-20,Inactive
1376,676,20,Salary,456849.62,2024-07-24,Active
1377,30,3,Salary,375063.14,2021-11-18,Inactive
1378,193,17,Salary,210907.35,2020-09-30,Active
1379,292,3,Current,162174.63,2019-05-30,Inactive
1380,433,4,Salary,343581.59,2022-09-19,Inactive
1381,378,12,Current,226236.12,2024-07-07,Inactive
1382,814,9,Salary,422483.3,2021-09-09,Inactive
1383,796,19,Current,102605.23,2024-06-09,Inactive
1384,890,10,Savings,54799.01,2019-05-13,Active
1385,524,10,Salary,318719.79,2020-07-17,Inactive
1386,278,9,Savings,318341.07,2024-04-07,Active
1387,362,6,Savings,398687.12,2024-12-09,Active
1388,976,17,Current,473267.39,2019-04-03,Inactive
1389,268,5,Savings,347169.81,2024-12-28,Inactive
1390,22,20,Savings,322254.36,2021-12-12,Inactive
1391,962,1,Savings,386691.85,2019-07-05,Active
1392,994,12,Savings,97624.74,2023-09-18,Active
1393,224,14,Salary,272529.29,2022-09-08,Active
1394,442,12,Savings,25013.9,2022-12-18,Inactive
1395,763,17,Current,179394.73,2019-03-01,Active
1396,567,14,Savings,401794.29,2024-05-15,Active
1397,984,9,Current,449362.93,2019-06-30,Active
1398,666,6,Current,27066.39,2020-06-07,Inactive
1399,726,2,Savings,112335.24,2019-11-21,Active
1400,30,4,Salary,334456.15,2020-11-29,Inactive
1401,54,16,Current,361684.02,2022-08-15,Active
1402,158,13,Savings,17586.0,2024-05-01,Inactive
1403,505,13,Salary,363369.6,2019-12-23,Inactive
1404,846,12,Salary,304460.99,2024-11-24,Active
1405,132,4,Savings,394662.38,2019-02-08,Active
1406,695,19,Current,235960.92,2023-11-28,Active
1407,939,14,Current,418784.48,2023-05-28,Inactive
1408,65,9,Current,332574.11,2024-09-03,Active
1409,149,3,Savings,414855.85,2023-06-20,Inactive
1410,434,17,Salary,354983.45,2024-03-09,Inactive
1411,82,7,Savings,92936.1,2019-09-11,Active
1412,46,8,Current,173988.73,2019-10-17,Inactive
1413,991,18,Salary,119836.11,2025-04-22,Active
1414,344,8,Savings,223516.05,2021-03-30,Inactive
1415,107,19,Current,486505.92,2021-02-05,Inactive
1416,20,7,Salary,195208.92,2021-06-22,Active
1417,195,15,Current,143268.96,2020-09-22,Inactive
1418,712,7,Current,240383.11,2021-12-21,Active
1419,588,15,Salary,86977.93,2021-10-26,Inactive
1420,651,9,Salary,221302.93,2021-09-23,Active
1421,207,20,Salary,169225.67,2019-03-08,Inactive
1422,923,8,Savings,355899.61,2020-06-13,Active
1423,208,19,Salary,459316.52,2024-04-17,Active
1424,648,14,Current,138693.44,2022-07-25,Active
1425,201,1,Current,112655.31,2022-10-22,Active
1426,635,16,Savings,472663.97,2025-03-26,Active
1427,220,19,Current,102064.75,2019-11-14,Active
1428,109,12,Salary,422745.23,2022-01-22,Inactive
1429,9,1,Savings,12335.78,2023-05-05,Inactive
1430,384,5,Current,429474.0,2021-09-11,Inactive
1431,537,7,Savings,189513.84,2021-07-28,Active
1432,219,8,Current,250906.21,2024-12-21,Active
1433,94,11,Savings,235200.73,2020-01-05,Active
1434,507,16,Salary,408875.72,2025-06-21,Inactive
1435,492,8,Savings,327377.86,2024-07-05,Active
1436,586,7,Current,84026.02,2020-04-15,Inactive
1437,501,16,Current,149280.04,2025-02-04,Active
1438,764,20,Salary,38164.69,2023-01-27,Active
1439,243,15,Savings,372446.27,2024-07-18,Inactive
1440,426,12,Current,80853.73,2023-04-07,Active
1441,216,2,Salary,402052.92,2023-05-25,Inactive
1442,18,10,Savings,271850.12,2020-07-07,Inactive
1443,896,2,Savings,7299.75,2019-04-22,Active
1444,431,20,Salary,26566.95,2019-12-02,Active
1445,350,13,Current,49118.78,2022-08-25,Active
1446,423,17,Current,209675.49,2023-07-15,Inactive
1447,29,4,Savings,301086.63,2022-12-04,Inactive
1448,74,3,Current,470358.62,2024-09-26,Active
1449,737,10,Current,332740.12,2022-06-25,Inactive
1450,470,17,Salary,183687.03,2022-07-13,Active
1451,497,19,Savings,438761.18,2020-02-18,Active
1452,40,11,Savings,159243.76,2020-01-25,Active
1453,174,18,Savings,354787.55,2019-07-24,Inactive
1454,362,10,Salary,227027.0,2019-07-13,Active
1455,527,20,Current,37092.63,2025-07-07,Inactive
1456,498,1,Salary,232619.51,2019-08-17,Inactive
1457,994,4,Current,131048.36,2022-12-09,Active
1458,341,11,Savings,232391.22,2022-10-10,Active
1459,550,7,Current,252456.49,2021-01-07,Active
1460,746,3,Salary,244348.03,2022-06-25,Inactive
1461,274,18,Savings,370322.37,2020-03-24,Inactive
1462,430,6,Savings,286283.34,2020-05-08,Inactive
1463,433,4,Savings,259843.77,2022-01-31,Inactive
1464,696,10,Salary,75914.24,2023-05-22,Inactive
1465,675,5,Savings,402059.05,2023-11-14,Active
1466,266,20,Savings,6959.78,2019-04-29,Inactive
1467,14,3,Salary,476013.13,2023-11-02,Inactive
1468,708,7,Savings,474339.97,2020-10-04,Inactive
1469,997,18,Savings,382285.98,2021-09-29,Inactive
1470,515,20,Savings,482935.44,2025-06-11,Active
1471,314,14,Current,437266.41,2019-04-24,Active
1472,340,16,Savings,249252.94,2024-10-04,Active
1473,873,7,Savings,19172.58,2024-09-15,Inactive
1474,929,5,Savings,346849.14,2021-12-06,Inactive
1475,58,10,Current,53509.44,2022-01-09,Active
1476,852,17,Savings,310352.67,2020-02-13,Active
1477,697,12,Salary,112393.61,2019-05-08,Inactive
1478,836,12,Salary,178047.62,2022-03-05,Inactive
1479,686,11,Savings,297859.2,2020-08-01,Active
1480,899,10,Salary,132214.81,2024-09-29,Active
1481,35,4,Current,496070.05,2022-10-09,Inactive
1482,125,4,Current,99691.94,2023-12-22,Active
1483,736,4,Savings,391965.01,2024-07-05,Active
1484,622,2,Savings,173640.15,2022-05-20,Active
1485,720,11,Current,223815.37,2019-08-14,Inactive
1486,981,9,Salary,13874.34,2019-07-23,Inactive
1487,668,9,Salary,109977.59,2021-07-03,Inactive
1488,692,5,Salary,352619.77,2019-11-13,Active
1489,794,18,Current,178025.93,2023-09-23,Active
1490,672,15,Salary,107215.37,2019-04-25,Active
1491,253,6,Current,212917.53,2024-08-07,Inactive
1492,321,3,Salary,80000.59,2021-01-01,Active
1493,709,15,Current,158753.83,2021-06-29,Active
1494,43,9,Savings,375599.49,2022-10-27,Active
1495,953,11,Savings,203185.24,2021-09-11,Active
1496,357,14,Savings,16346.92,2024-07-10,Active
1497,664,7,Savings,495194.13,2021-08-19,Active
1498,294,4,Salary,195872.39,2024-05-01,Inactive
1499,788,1,Salary,165100.62,2024-09-17,Active
1500,41,19,Savings,452633.74,2021-10-23,Inactive
1501,177,13,Savings,19409.97,2024-11-24,Active
1502,854,2,Savings,453733.16,2023-11-13,Inactive
1503,851,19,Savings,78349.71,2023-07-04,Active
1504,844,2,Current,137116.37,2023-10-18,Inactive
1505,543,2,Savings,101844.58,2024-10-15,Active
1506,407,20,Savings,256076.36,2024-01-08,Active
1507,893,4,Savings,43223.5,2024-02-23,Active
1508,8,20,Savings,128723.05,2021-06-21,Active
1509,428,9,Salary,341551.97,2024-11-13,Inactive
1510,406,20,Current,51084.03,2022-09-15,Active
1511,604,18,Savings,184362.59,2021-11-04,Inactive
1512,970,6,Salary,408476.75,2025-04-17,Active
1513,560,17,Savings,425204.34,2019-10-04,Active
1514,284,4,Salary,42217.31,2025-02-07,Inactive
1515,393,1,Savings,313711.02,2021-05-16,Inactive
1516,109,19,Current,76114.1,2023-08-26,Active
1517,259,7,Savings,146247.73,2020-08-11,Inactive
1518,679,10,Current,25742.78,2019-10-06,Inactive
1519,636,1,Current,461198.61,2024-09-20,Active
1520,154,15,Current,180624.48,2020-12-31,Active
1521,977,16,Current,148994.51,2025-07-05,Inactive
1522,16,10,Savings,463666.45,2025-02-05,Inactive
1523,508,20,Current,125417.25,2019-10-05,Inactive
1524,194,11,Savings,443705.88,2024-02-13,Active
1525,917,10,Salary,194003.13,2019-10-16,Inactive
1526,453,13,Savings,167123.06,2024-08-09,Inactive
1527,354,11,Savings,194729.21,2024-05-19,Active
1528,130,15,Savings,443165.14,2021-05-16,Active
1529,675,6,Savings,429137.38,2019-06-12,Inactive
1530,733,18,Salary,472545.31,2019-03-02,Active
1531,234,16,Savings,176257.74,2024-10-01,Active
1532,338,16,Savings,380355.62,2024-10-18,Inactive
1533,934,20,Salary,370419.18,2021-05-07,Inactive
1534,855,16,Current,399107.68,2019-08-04,Inactive
1535,259,19,Salary,415471.4,2021-07-02,Active
1536,526,10,Savings,47725.2,2024-07-05,Inactive
1537,568,5,Current,174920.17,2019-05-02,Inactive
1538,470,9,Savings,84605.6,2024-07-31,Active
1539,211,16,Current,440480.52,2025-04-20,Inactive
1540,513,12,Salary,486353.84,2023-02-07,Inactive
1541,140,14,Savings,1784.65,2021-03-01,Inactive
1542,90,5,Current,403525.36,2021-05-29,Active
1543,122,19,Savings,122160.44,2019-06-21,Active
1544,176,6,Current,145763.87,2022-11-15,Inactive
1545,198,19,Salary,389750.7,2020-09-06,Inactive
1546,165,4,Current,224775.57,2022-12-01,Inactive
1547,291,1,Current,456638.2,2019-02-11,Active
1548,648,3,Salary,127493.67,2021-12-10,Inactive
1549,506,14,Savings,180188.84,2022-11-10,Inactive
1550,227,16,Savings,10416.2,2024-09-24,Active
1551,271,14,Salary,63179.85,2019-05-17,Inactive
1552,830,15,Salary,196138.59,2025-01-29,Inactive
1553,496,13,Current,418827.26,2019-01-04,Active
1554,140,1,Salary,415470.52,2019-12-17,Inactive
1555,98,16,Salary,20317.03,2025-07-02,Active
1556,679,17,Salary,18981.8,2022-06-09,Inactive
1557,864,18,Salary,372275.21,2019-01-29,Inactive
1558,743,4,Savings,349999.11,2021-03-20,Inactive
1559,320,15,Salary,440680.63,2022-11-21,Inactive
1560,639,15,Current,288210.01,2020-10-09,Active
1561,99,8,Savings,35095.06,2021-07-24,Active
1562,766,16,Current,284875.18,2025-07-28,Inactive
1563,30,12,Savings,51729.19,2025-05-10,Active
1564,303,5,Savings,483065.97,2021-07-16,Active
1565,150,1,Salary,270488.21,2020-08-20,Inactive
1566,236,10,Salary,278037.1,2023-06-12,Inactive
1567,45,12,Current,65741.97,2021-12-29,Active
1568,803,6,Current,8560.3,2022-06-11,Inactive
1569,180,11,Savings,90843.65,2021-10-02,Active
1570,305,9,Savings,252646.59,2021-01-26,Active
1571,459,18,Salary,145814.29,2025-03-08,Inactive
1572,899,6,Savings,290257.91,2022-04-16,Inactive
1573,784,15,Current,480820.98,2024-08-01,Inactive
1574,386,8,Savings,383819.79,2021-11-29,Active
1575,755,6,Salary,443718.99,2021-09-19,Active
1576,484,5,Savings,18301.67,2022-12-06,Inactive
1577,256,7,Current,74842.23,2025-02-28,Active
1578,520,13,Salary,53623.2,2023-11-02,Active
1579,969,3,Savings,370513.14,2025-06-16,Inactive
1580,2,3,Savings,352222.76,2025-06-12,Active
1581,949,14,Savings,78763.57,2025-01-15,Active
1582,5,11,Savings,32626.13,2019-01-28,Inactive
1583,891,5,Salary,477204.78,2023-01-03,Active
1584,505,5,Savings,302670.5,2019-07-06,Active
1585,77,15,Savings,223599.86,2024-04-17,Active
1586,342,12,Current,167587.85,2022-11-07,Inactive
1587,196,13,Savings,131074.32,2024-01-07,Inactive
1588,983,11,Salary,26828.31,2019-12-10,Active
1589,515,1,Salary,53126.98,2022-04-17,Inactive
1590,555,5,Savings,59891.11,2024-09-23,Inactive
1591,120,15,Savings,498277.25,2019-11-25,Inactive
1592,931,11,Savings,421817.87,2023-01-29,Inactive
1593,935,19,Savings,129342.8,2022-04-08,Inactive
1594,606,9,Savings,3546.65,2022-03-22,Active
1595,938,12,Salary,184369.92,2025-05-18,Inactive
1596,731,1,Savings,470503.57,2020-05-08,Inactive
1597,915,13,Salary,22461.01,2022-06-02,Active
1598,569,5,Salary,370286.17,2023-12-01,Active
1599,14,16,Savings,311878.78,2020-01-25,Inactive
1600,994,10,Savings,495655.53,2020-12-21,Active
1601,149,6,Savings,443776.72,2023-01-08,Inactive
1602,855,2,Salary,277336.66,2021-05-16,Inactive
1603,633,11,Current,138961.02,2021-12-20,Active
1604,466,10,Current,375616.6,2023-12-21,Active
1605,334,19,Savings,352801.56,2025-03-30,Inactive
1606,138,13,Current,209150.01,2019-03-03,Inactive
1607,335,14,Salary,477303.76,2021-09-01,Active
1608,378,19,Current,394255.7,2020-02-18,Inactive
1609,795,18,Current,281497.59,2024-11-22,Active
1610,300,15,Savings,298724.41,2019-04-13,Active
1611,443,3,Salary,387608.24,2020-11-21,Inactive
1612,608,6,Current,280444.69,2020-04-08,Active
1613,734,17,Current,181198.52,2019-01-29,Inactive
1614,276,6,Salary,383298.48,2019-03-24,Active
1615,617,1,Salary,447595.65,2021-04-19,Active
1616,238,2,Savings,409916.57,2024-05-25,Active
1617,143,18,Savings,266346.9,2019-12-26,Active
1618,816,19,Salary,54168.71,2021-02-07,Active
1619,161,3,Current,217911.1,2021-01-25,Active
1620,362,14,Salary,345945.9,2020-07-31,Inactive
1621,754,10,Salary,170905.17,2020-08-29,Inactive
1622,400,12,Salary,292578.97,2020-04-24,Active
1623,645,14,Salary,403962.02,2024-05-17,Inactive
1624,749,4,Current,174981.93,2020-04-29,Inactive
1625,741,15,Salary,53826.6,2024-04-22,Inactive
1626,13,9,Savings,324578.06,2022-06-03,Active
1627,369,20,Current,133301.89,2022-02-26,Active
1628,131,11,Current,487412.04,2022-12-03,Active
1629,309,16,Current,423517.47,2021-08-10,Inactive
1630,586,18,Salary,216713.09,2021-08-03,Inactive
1631,507,12,Salary,243459.37,2022-08-22,Inactive
1632,146,18,Salary,248600.34,2020-06-02,Active
1633,198,14,Salary,369103.91,2019-06-30,Active
1634,751,4,Current,384091.69,2022-10-30,Inactive
1635,502,8,Savings,148150.17,2025-06-23,Inactive
1636,996,11,Current,220158.23,2020-01-24,Inactive
1637,303,1,Savings,241242.39,2023-05-09,Active
1638,611,4,Current,293119.05,2020-08-25,Inactive
1639,165,15,Salary,308036.62,2019-07-20,Active
1640,437,2,Salary,316126.4,2020-01-06,Inactive
1641,236,19,Savings,170235.04,2019-05-26,Active
1642,793,20,Savings,366277.83,2021-08-24,Active
1643,562,15,Current,280704.09,2021-12-21,Inactive
1644,372,19,Current,71597.1,2024-11-09,Inactive
1645,816,16,Savings,152609.25,2022-06-09,Inactive
1646,373,11,Savings,85279.18,2019-07-14,Active
1647,63,10,Salary,40400.13,2024-03-14,Active
1648,296,12,Savings,460817.45,2020-01-15,Inactive
1649,227,9,Current,455075.13,2019-08-13,Active
1650,318,7,Current,180141.93,2022-10-23,Inactive
1651,540,11,Current,237679.79,2025-01-06,Inactive
1652,550,20,Salary,160351.08,2024-10-31,Active
1653,461,18,Current,221194.97,2025-01-24,Active
1654,209,2,Savings,273089.43,2019-07-28,Active
1655,858,14,Current,385469.34,2019-07-11,Active
1656,898,20,Current,169991.46,2022-05-22,Inactive
1657,232,10,Current,175478.33,2021-11-28,Inactive
1658,638,9,Current,252506.03,2024-12-13,Inactive
1659,124,18,Salary,214377.53,2023-04-04,Inactive
1660,586,5,Salary,100432.45,2021-01-24,Inactive
1661,952,6,Salary,279138.82,2020-05-17,Inactive
1662,950,2,Salary,2772.36,2020-08-27,Inactive
1663,513,20,Salary,397558.81,2021-04-14,Active
1664,500,17,Current,251086.25,2020-08-03,Active
1665,829,19,Current,58797.99,2019-04-27,Inactive
1666,275,5,Current,311051.75,2021-09-01,Inactive
1667,660,9,Current,152119.47,2023-01-28,Inactive
1668,809,18,Current,39061.67,2020-04-05,Inactive
1669,647,8,Salary,362159.37,2019-12-08,Inactive
1670,377,2,Current,295536.91,2019-03-12,Inactive
1671,963,19,Current,153595.41,2025-07-17,Inactive
1672,974,15,Savings,246009.93,2023-02-25,Active
1673,189,5,Savings,24379.2,2022-08-08,Inactive
1674,298,7,Current,384573.76,2021-01-26,Inactive
1675,846,5,Current,92959.19,2021-05-06,Inactive
1676,616,20,Savings,112944.59,2025-06-04,Active
1677,278,10,Salary,418003.31,2020-02-05,Inactive
1678,537,3,Current,451578.22,2023-03-24,Inactive
1679,882,8,Savings,459684.62,2020-11-19,Inactive
1680,634,12,Salary,94784.34,2020-08-17,Active
1681,874,8,Current,403045.5,2019-12-10,Active
1682,210,6,Current,54808.96,2024-12-26,Active
1683,926,4,Current,314234.69,2021-10-10,Active
1684,359,6,Current,282210.54,2022-09-29,Inactive
1685,493,5,Savings,188997.75,2020-09-06,Active
1686,481,9,Savings,251001.42,2021-05-05,Inactive
1687,254,6,Salary,252180.64,2025-03-15,Active
1688,312,1,Current,261362.31,2020-09-25,Active
1689,62,8,Savings,281544.8,2025-03-23,Active
1690,502,2,Savings,10255.47,2024-07-04,Inactive
1691,668,15,Salary,417973.9,2023-04-11,Active
1692,446,10,Current,188249.09,2019-11-13,Inactive
1693,779,15,Salary,488796.11,2020-02-22,Active
1694,163,9,Savings,353076.2,2023-01-27,Inactive
1695,25,8,Salary,430932.35,2023-08-29,Active
1696,53,10,Current,40083.81,2019-12-22,Active
1697,508,13,Savings,467296.16,2019-09-10,Inactive
1698,974,3,Current,3600.99,2024-01-18,Active
1699,599,5,Salary,176319.01,2021-11-23,Inactive
1700,427,13,Salary,299127.91,2021-04-25,Active
1701,4,12,Savings,440254.17,2020-04-20,Active
1702,700,11,Savings,156194.51,2025-07-11,Inactive
1703,544,11,Savings,225433.24,2019-09-10,Inactive
1704,341,3,Current,410861.91,2020-08-14,Inactive
1705,494,10,Salary,376077.67,2022-11-23,Active
1706,424,9,Salary,423648.24,2019-08-01,Active
1707,518,11,Savings,472750.84,2021-02-04,Inactive
1708,274,18,Current,472849.17,2022-12-09,Active
1709,792,9,Salary,374622.4,2019-06-11,Inactive
1710,686,5,Current,192935.88,2021-12-31,Active
1711,327,3,Savings,253462.5,2019-07-31,Active
1712,479,3,Savings,205911.55,2021-03-10,Inactive
1713,545,9,Salary,253844.7,2025-02-26,Inactive
1714,157,14,Savings,158691.9,2019-06-16,Inactive
1715,220,18,Salary,448711.37,2023-11-18,Active
1716,14,9,Salary,292152.83,2024-01-21,Active
1717,671,14,Savings,181428.39,2025-05-10,Inactive
1718,130,16,Salary,149734.21,2024-06-13,Active
1719,7,16,Savings,25573.76,2023-02-13,Active
1720,514,4,Salary,56281.42,2025-06-13,Inactive
1721,116,6,Salary,289706.7,2019-06-06,Inactive
1722,313,17,Salary,251317.88,2020-11-09,Inactive
1723,303,7,Current,376903.39,2024-12-12,Active
1724,412,12,Savings,275623.97,2019-04-13,Inactive
1725,428,18,Savings,167569.99,2023-05-20,Inactive
1726,313,12,Savings,240224.42,2021-10-31,Inactive
1727,233,20,Savings,45599.93,2022-06-08,Active
1728,395,14,Salary,436035.64,2023-03-05,Active
1729,483,2,Current,440418.35,2024-03-21,Active
1730,964,12,Savings,360155.75,2024-10-08,Active
1731,884,11,Savings,480067.76,2019-07-02,Active
1732,833,5,Savings,489876.66,2024-05-28,Active
1733,395,12,Current,48288.17,2021-06-16,Active
1734,7,13,Savings,312818.44,2024-02-06,Inactive
1735,751,16,Salary,145059.1,2023-11-14,Inactive
1736,616,7,Savings,456972.29,2024-11-17,Inactive
1737,878,13,Savings,424093.26,2024-04-26,Inactive
1738,200,6,Salary,379993.46,2020-07-05,Inactive
1739,249,17,Savings,2641.66,2025-01-27,Inactive
1740,330,18,Current,436800.43,2020-03-24,Active
1741,84,4,Current,435013.23,2020-04-26,Inactive
1742,275,9,Salary,374233.04,2020-11-09,Active
1743,829,16,Savings,317748.25,2023-11-05,Active
1744,842,14,Current,93994.74,2024-05-03,Inactive
1745,767,5,Salary,340528.67,2023-05-10,Active
1746,996,14,Current,311305.59,2021-11-03,Inactive
1747,14,8,Savings,190892.66,2020-02-17,Active
1748,543,18,Salary,145349.85,2019-09-13,Inactive
1749,803,14,Current,256393.78,2021-08-15,Inactive
1750,955,5,Savings,429366.84,2021-11-26,Active
1751,553,5,Savings,123313.99,2024-06-15,Inactive
1752,955,16,Savings,49538.83,2023-12-03,Active
1753,142,1,Savings,305059.99,2021-03-31,Active
1754,127,15,Current,76419.16,2019-09-11,Inactive
1755,217,20,Salary,350421.78,2023-01-21,Active
1756,240,20,Salary,355395.71,2023-01-23,Active
1757,247,19,Savings,369266.43,2021-05-22,Active
1758,356,18,Savings,73875.71,2025-02-09,Inactive
1759,843,16,Savings,289023.51,2020-01-19,Inactive
1760,373,20,Current,192130.01,2021-02-28,Active
1761,195,6,Savings,466679.65,2025-06-23,Inactive
1762,927,8,Salary,323551.48,2020-03-28,Inactive
1763,785,2,Savings,13733.89,2024-03-29,Inactive
1764,283,11,Current,6696.48,2023-05-21,Inactive
1765,908,1,Savings,232996.95,2019-09-29,Inactive
1766,525,6,Savings,223011.41,2023-10-27,Active
1767,735,3,Salary,94831.84,2021-08-12,Inactive
1768,959,15,Salary,181818.15,2019-01-11,Inactive
1769,992,10,Current,224758.68,2023-12-01,Active
1770,37,5,Current,184645.89,2021-04-24,Active
1771,40,11,Savings,133127.96,2020-04-02,Active
1772,91,13,Savings,131240.29,2021-09-16,Active
1773,994,13,Current,328505.48,2025-07-19,Inactive
1774,669,16,Current,422832.94,2020-04-12,Inactive
1775,203,8,Salary,234725.48,2020-11-17,Inactive
1776,618,1,Current,289436.03,2020-11-08,Inactive
1777,725,4,Salary,497079.24,2024-02-06,Active
1778,803,10,Savings,143875.48,2024-08-15,Active
1779,81,19,Salary,491146.18,2024-04-24,Active
1780,555,17,Salary,25272.75,2024-01-10,Active
1781,468,12,Current,445658.67,2025-07-06,Active
1782,920,12,Salary,426117.98,2022-09-21,Active
1783,636,15,Current,41604.41,2022-11-17,Inactive
1784,76,4,Savings,111107.75,2024-10-16,Inactive
1785,60,11,Salary,451411.18,2020-08-06,Inactive
1786,338,2,Current,9794.1,2023-08-01,Active
1787,552,16,Salary,38003.99,2022-04-14,Active
1788,522,8,Savings,182205.01,2020-12-13,Active
1789,972,10,Current,461323.13,2021-11-07,Active
1790,655,13,Savings,460002.18,2020-11-14,Active
1791,871,19,Salary,453215.38,2019-08-06,Inactive
1792,743,14,Savings,187178.84,2022-04-01,Active
1793,789,2,Savings,475714.88,2024-05-06,Inactive
1794,841,11,Current,352330.18,2024-04-15,Active
1795,603,6,Salary,80010.43,2022-05-07,Inactive
1796,316,13,Current,170610.52,2023-10-02,Inactive
1797,662,12,Current,442650.42,2022-04-03,Inactive
1798,282,12,Current,92260.45,2023-05-10,Inactive
1799,531,15,Salary,197328.08,2025-01-23,Inactive
1800,842,14,Current,16467.73,2024-08-29,Active
1801,656,18,Savings,83230.36,2024-01-14,Active
1802,119,14,Current,442181.14,2022-07-01,Inactive
1803,499,19,Current,362390.1,2020-04-14,Inactive
1804,28,13,Salary,160493.94,2024-10-25,Active
1805,358,1,Current,3133.65,2022-11-07,Active
1806,750,6,Current,155237.64,2021-11-25,Active
1807,434,1,Savings,342025.71,2024-02-14,Active
1808,473,15,Salary,374660.01,2023-09-11,Active
1809,789,2,Current,233733.41,2025-06-05,Active
1810,37,1,Savings,389039.95,2021-09-17,Inactive
1811,366,9,Savings,15465.89,2021-07-27,Inactive
1812,922,7,Savings,142536.76,2024-10-27,Inactive
1813,993,20,Salary,18634.2,2022-11-06,Inactive
1814,850,3,Current,99625.11,2023-08-15,Inactive
1815,242,17,Salary,381545.6,2024-02-06,Active
1816,541,16,Salary,249385.3,2023-05-22,Active
1817,332,9,Current,183147.47,2020-07-19,Active
1818,785,13,Salary,400739.59,2019-08-15,Active
1819,939,12,Salary,280259.44,2020-07-03,Active
1820,639,16,Current,314963.09,2019-09-15,Active
1821,841,12,Savings,242150.64,2025-02-18,Inactive
1822,169,9,Current,62441.87,2019-02-10,Inactive
1823,140,15,Current,412037.34,2024-01-16,Active
1824,662,1,Savings,445424.61,2020-02-07,Active
1825,611,20,Savings,97862.77,2022-11-29,Inactive
1826,493,4,Current,60345.32,2024-04-16,Active
1827,858,14,Salary,297180.89,2025-04-18,Active
1828,894,7,Salary,111565.82,2019-08-18,Active
1829,943,10,Savings,383580.83,2023-09-23,Inactive
1830,758,7,Current,445528.49,2023-03-03,Active
1831,28,5,Current,371483.42,2022-11-17,Inactive
1832,292,14,Current,221942.06,2021-11-22,Active
1833,957,20,Salary,148067.43,2019-06-16,Active
1834,1,1,Savings,136011.46,2019-11-09,Inactive
1835,629,7,Salary,84670.89,2024-12-06,Active
1836,428,10,Salary,484191.26,2021-07-12,Inactive
1837,852,20,Savings,195674.87,2023-11-11,Active
1838,339,18,Current,442037.32,2022-11-19,Inactive
1839,657,1,Salary,467015.53,2021-01-13,Inactive
1840,22,2,Current,408645.91,2019-01-17,Inactive
1841,900,6,Current,47409.21,2020-09-16,Inactive
1842,490,20,Current,263453.49,2024-08-13,Inactive
1843,288,5,Salary,22366.55,2022-09-21,Inactive
1844,846,17,Savings,200611.86,2020-12-03,Active
1845,413,13,Salary,182414.24,2020-05-04,Active
1846,274,6,Savings,454997.55,2021-06-06,Active
1847,201,3,Salary,252058.75,2022-02-01,Inactive
1848,255,4,Current,280193.75,2021-04-07,Inactive
1849,324,17,Savings,432683.55,2020-09-05,Active
1850,855,8,Salary,122079.36,2019-10-15,Inactive
1851,420,12,Current,118123.41,2022-06-18,Active
1852,79,16,Current,406737.12,2019-03-01,Inactive
1853,986,5,Current,38266.25,2019-04-11,Inactive
1854,617,16,Current,227286.35,2020-07-29,Inactive
1855,73,15,Savings,280300.06,2020-10-02,Active
1856,50,17,Salary,386736.15,2020-01-03,Inactive
1857,847,1,Current,195410.28,2019-12-07,Inactive
1858,535,3,Current,24165.15,2020-05-01,Inactive
1859,611,16,Current,461388.59,2022-02-09,Inactive
1860,113,10,Salary,27751.77,2023-04-01,Active
1861,929,15,Current,6236.51,2020-02-07,Active
1862,54,16,Salary,219258.7,2024-08-16,Inactive
1863,821,19,Savings,56995.19,2022-02-28,Active
1864,176,18,Savings,486262.47,2024-05-06,Active
1865,521,2,Salary,296664.59,2021-12-19,Active
1866,492,17,Salary,213949.07,2024-03-04,Active
1867,585,9,Savings,272856.57,2025-03-17,Inactive
1868,417,20,Current,133146.29,2025-04-02,Inactive
1869,500,13,Current,330391.53,2022-03-16,Active
1870,849,14,Current,474440.25,2023-12-16,Active
1871,651,10,Savings,67355.72,2022-05-16,Inactive
1872,952,12,Savings,420724.17,2019-02-12,Active
1873,324,4,Salary,225210.23,2023-10-13,Inactive
1874,286,12,Salary,371902.13,2024-12-12,Inactive
1875,744,6,Current,291989.25,2022-09-04,Active
1876,424,15,Current,436702.04,2024-08-12,Inactive
1877,197,7,Savings,202921.21,2019-02-04,Active
1878,684,14,Savings,406978.56,2023-02-18,Active
1879,464,13,Salary,248731.58,2021-08-04,Active
1880,893,5,Savings,441546.49,2024-02-22,Active
1881,77,15,Savings,295386.27,2021-10-21,Inactive
1882,423,18,Salary,487237.62,2019-11-12,Active
1883,945,19,Salary,209235.72,2023-01-26,Active
1884,642,3,Savings,366441.36,2020-08-12,Active
1885,41,7,Salary,452792.76,2020-10-28,Inactive
1886,755,18,Current,253076.99,2022-06-12,Active
1887,605,17,Savings,216617.94,2020-11-25,Inactive
1888,253,10,Salary,249096.41,2025-06-04,Active
1889,123,16,Current,74744.12,2020-05-01,Inactive
1890,527,8,Savings,275730.86,2023-06-14,Inactive
1891,236,2,Savings,1212.57,2021-04-27,Active
1892,343,14,Salary,313192.54,2023-11-15,Active
1893,384,11,Current,18383.44,2021-03-15,Active
1894,404,3,Current,456089.87,2021-10-14,Active
1895,720,17,Savings,485050.14,2019-03-04,Active
1896,219,12,Current,219497.23,2023-11-09,Active
1897,455,10,Current,386670.88,2023-02-13,Active
1898,203,16,Savings,64816.69,2019-07-01,Inactive
1899,90,15,Salary,60011.84,2019-02-05,Active
1900,852,20,Salary,312061.79,2023-12-09,Active
1901,231,20,Current,485083.58,2024-01-20,Active
1902,347,1,Salary,138830.48,2020-05-18,Inactive
1903,215,13,Savings,381482.59,2021-05-13,Active
1904,741,15,Salary,147824.85,2019-11-15,Active
1905,764,15,Savings,327585.45,2025-07-11,Inactive
1906,254,3,Savings,134972.3,2023-05-11,Inactive
1907,679,5,Savings,177679.78,2019-07-05,Active
1908,394,12,Current,250332.56,2020-10-10,Active
1909,544,2,Savings,499943.44,2022-12-11,Inactive
1910,874,10,Salary,353392.82,2019-06-26,Inactive
1911,560,2,Savings,497003.53,2024-01-26,Active
1912,166,5,Salary,376194.4,2021-05-25,Active
1913,465,8,Savings,409573.72,2024-12-20,Active
1914,503,19,Current,366572.89,2023-03-07,Inactive
1915,257,7,Salary,81643.08,2021-01-15,Active
1916,259,3,Salary,391621.06,2021-11-15,Active
1917,68,18,Savings,433814.75,2021-09-15,Active
1918,820,5,Savings,78839.96,2020-12-13,Inactive
1919,333,13,Salary,123057.9,2022-06-21,Active
1920,4,9,Savings,282306.27,2020-01-11,Active
1921,436,3,Current,261723.94,2021-01-15,Active
1922,240,15,Current,485705.2,2022-02-11,Active
1923,837,13,Salary,190883.26,2019-01-03,Active
1924,718,2,Salary,315352.7,2023-05-01,Active
1925,591,17,Savings,165481.4,2024-05-10,Active
1926,887,17,Salary,210499.46,2023-08-11,Active
1927,534,9,Salary,31330.94,2019-06-19,Inactive
1928,172,6,Current,287499.53,2019-09-27,Inactive
1929,28,13,Savings,390322.42,2022-09-16,Active
1930,5,7,Savings,263021.69,2019-11-25,Active
1931,795,7,Salary,92271.06,2023-04-07,Active
1932,784,6,Savings,190550.46,2025-03-26,Inactive
1933,894,19,Current,181735.62,2023-10-12,Inactive
1934,681,9,Salary,247592.94,2024-10-03,Active
1935,871,13,Current,231727.84,2021-02-04,Active
1936,618,19,Current,430219.52,2023-11-21,Inactive
1937,345,18,Salary,249267.51,2019-01-03,Inactive
1938,457,18,Salary,365314.15,2021-01-01,Inactive
1939,507,6,Savings,35831.93,2024-05-26,Active
1940,335,1,Savings,161861.04,2024-05-21,Inactive
1941,757,17,Current,30071.29,2021-10-12,Inactive
1942,132,2,Current,287237.7,2022-10-09,Active
1943,21,5,Salary,75544.36,2021-06-08,Inactive
1944,463,15,Salary,480466.03,2023-06-23,Active
1945,822,18,Current,32310.71,2021-11-16,Inactive
1946,472,9,Salary,466824.88,2025-02-15,Inactive
1947,370,14,Savings,17054.1,2022-08-05,Active
1948,144,17,Savings,400550.26,2023-03-14,Active
1949,287,9,Savings,486328.98,2021-08-21,Inactive
1950,682,18,Salary,423555.2,2020-06-14,Inactive
1951,999,3,Savings,328512.81,2024-02-14,Active
1952,475,1,Current,117805.82,2022-09-10,Active
1953,453,12,Savings,432394.03,2023-05-25,Active
1954,351,8,Current,320025.52,2024-04-30,Active
1955,48,6,Current,465274.1,2020-03-09,Active
1956,29,19,Current,370441.88,2025-07-16,Active
1957,832,15,Savings,65318.69,2025-03-24,Inactive
1958,976,4,Savings,454541.54,2019-06-02,Inactive
1959,448,12,Current,50233.33,2025-06-06,Active
1960,329,6,Salary,95077.42,2023-06-08,Active
1961,784,8,Current,342969.07,2021-01-14,Active
1962,847,16,Savings,77146.01,2020-09-18,Active
1963,655,7,Salary,311196.34,2019-08-05,Inactive
1964,981,7,Salary,176877.05,2021-05-05,Active
1965,694,1,Current,254467.16,2019-07-22,Active
1966,661,4,Savings,100504.51,2019-02-27,Active
1967,989,4,Current,445083.9,2019-12-22,Inactive
1968,671,15,Current,171115.32,2024-07-19,Inactive
1969,742,8,Current,414029.52,2022-04-30,Inactive
1970,572,13,Savings,321521.65,2023-07-20,Active
1971,710,20,Savings,346046.7,2021-05-05,Inactive
1972,196,15,Salary,213917.07,2020-01-04,Inactive
1973,811,16,Salary,455007.24,2022-12-24,Active
1974,115,8,Current,10797.08,2019-07-11,Inactive
1975,141,3,Savings,381727.64,2023-05-23,Inactive
1976,609,9,Salary,260027.56,2023-07-09,Active
1977,481,16,Savings,473900.74,2019-05-01,Inactive
1978,470,17,Salary,299291.9,2022-03-23,Inactive
1979,722,18,Current,39749.57,2020-03-21,Active
1980,573,12,Salary,222645.49,2022-06-14,Active
1981,36,9,Current,23916.37,2023-12-11,Inactive
1982,637,19,Savings,75427.88,2022-10-22,Active
1983,29,15,Current,7755.02,2025-01-08,Inactive
1984,258,17,Salary,316236.83,2022-05-07,Inactive
1985,869,11,Savings,304860.81,2019-12-04,Active
1986,357,3,Current,190217.43,2023-08-09,Active
1987,570,14,Savings,156880.18,2019-06-15,Active
1988,945,12,Current,316631.66,2019-01-22,Active
1989,779,4,Salary,324022.57,2025-04-13,Active
1990,810,16,Salary,91669.31,2019-11-20,Active
1991,82,12,Salary,466935.74,2021-06-11,Active
1992,426,10,Savings,445251.51,2025-02-15,Active
1993,545,20,Current,357130.9,2025-06-06,Active
1994,385,20,Salary,465818.3,2025-05-17,Active
1995,208,11,Current,269479.23,2020-02-25,Active
1996,859,4,Current,493957.74,2023-05-20,Active
1997,643,3,Current,480086.26,2024-08-02,Active
1998,550,13,Savings,79931.75,2024-09-03,Inactive
1999,16,10,Current,342887.32,2019-10-24,Inactive
2000,50,8,Salary,37340.21,2020-11-25,Active
